"code","scientific_name","common_name"
NA,"dendrocygna viduata","white-faced whistling-duck"
"bbwduc","dendrocygna autumnalis","black-bellied whistling-duck"
NA,"dendrocygna arborea","west indian whistling-duck"
"fuwduc","dendrocygna bicolor","fulvous whistling-duck"
NA,"dendrocygna javanica","lesser whistling-duck"
NA,"anser indicus","bar-headed goose"
"empgoo","anser canagicus","emperor goose"
"snogoo","anser caerulescens","snow goose"
NA,"anser anser","graylag goose"
"gwfgoo","anser albifrons","greater white-fronted goose"
NA,"anser fabalis","taiga bean-goose"
"brant","branta bernicla","brant"
NA,"branta leucopsis","barnacle goose"
"cacgoo1","branta hutchinsii","cackling goose"
"cangoo","branta canadensis","canada goose"
NA,"branta ruficollis","red-breasted goose"
"mutswa","cygnus olor","mute swan"
"blkswa","cygnus atratus","black swan"
"blnswa2","cygnus melancoryphus","black-necked swan"
"truswa","cygnus buccinator","trumpeter swan"
"tunswa","cygnus columbianus","tundra swan"
"whoswa","cygnus cygnus","whooper swan"
"egygoo","alopochen aegyptiaca","egyptian goose"
NA,"tadorna tadorna","common shelduck"
NA,"plectropterus gambensis","spur-winged goose"
NA,"lophonetta specularioides","crested duck"
"musduc","cairina moschata","muscovy duck"
NA,"nettapus coromandelianus","cotton pygmy-goose"
NA,"callonetta leucophrys","ringed teal"
"wooduc","aix sponsa","wood duck"
NA,"aix galericulata","mandarin duck"
NA,"spatula querquedula","garganey"
"siltea1","spatula versicolor","silver teal"
"aussho1","spatula rhynchotis","australasian shoveler"
"norsho","spatula clypeata","northern shoveler"
"gadwal","mareca strepera","gadwall"
NA,"mareca penelope","eurasian wigeon"
"amewig","mareca americana","american wigeon"
"chiwig1","mareca sibilatrix","chiloe wigeon"
NA,"anas superciliosa","pacific black duck"
NA,"anas poecilorhyncha","indian spot-billed duck"
"spbduc","anas zonorhyncha","eastern spot-billed duck"
"mallar3","anas platyrhynchos","mallard"
"whcpin","anas bahamensis","white-cheeked pintail"
NA,"anas erythrorhyncha","red-billed duck"
"norpin","anas acuta","northern pintail"
"gnwtea","anas crecca","green-winged teal"
"gretea1","anas gracilis","gray teal"
NA,"netta rufina","red-crested pochard"
NA,"netta peposaca","rosy-billed pochard"
"canvas","aythya valisineria","canvasback"
NA,"aythya ferina","common pochard"
"rinduc","aythya collaris","ring-necked duck"
NA,"aythya nyroca","ferruginous duck"
NA,"aythya fuligula","tufted duck"
"gresca","aythya marila","greater scaup"
"lessca","aythya affinis","lesser scaup"
"steeid","polysticta stelleri","steller's eider"
"speeid","somateria fischeri","spectacled eider"
"kineid","somateria spectabilis","king eider"
"comeid","somateria mollissima","common eider"
"harduc","histrionicus histrionicus","harlequin duck"
"sursco","melanitta perspicillata","surf scoter"
NA,"melanitta fusca","velvet scoter"
"whwsco2","melanitta deglandi","white-winged scoter"
NA,"melanitta nigra","common scoter"
"blksco2","melanitta americana","black scoter"
"lotduc","clangula hyemalis","long-tailed duck"
"buffle","bucephala albeola","bufflehead"
"comgol","bucephala clangula","common goldeneye"
"bargol","bucephala islandica","barrow's goldeneye"
NA,"mergellus albellus","smew"
"commer","mergus merganser","common merganser"
"rebmer","mergus serrator","red-breasted merganser"
"rudduc","oxyura jamaicensis","ruddy duck"
NA,"oxyura leucocephala","white-headed duck"
"norbob","colinus virginianus","northern bobwhite"
"calqua","callipepla californica","california quail"
NA,"arborophila crudigularis","taiwan partridge"
"wiltur","meleagris gallopavo","wild turkey"
NA,"tetrastes bonasia","hazel grouse"
"wilpta","lagopus lagopus","willow ptarmigan"
NA,"lagopus muta","rock ptarmigan"
NA,"lyrurus tetrix","black grouse"
"grypar","perdix perdix","gray partridge"
NA,"syrmaticus mikado","mikado pheasant"
"rinphe1","phasianus colchicus","ring-necked pheasant"
NA,"lophura swinhoii","swinhoe's pheasant"
NA,"lophura leucomelanos","kalij pheasant"
"compea","pavo cristatus","indian peafowl"
NA,"galloperdix spadicea","red spurfowl"
"taibap1","bambusicola sonorivox","taiwan bamboo-partridge"
NA,"gallus gallus","red junglefowl"
"grejun2","gallus sonneratii","gray junglefowl"
NA,"ortygornis pondicerianus","gray francolin"
NA,"ortygornis gularis","swamp francolin"
NA,"francolinus francolinus","black francolin"
NA,"tetraogallus himalayensis","himalayan snowcock"
"broqua1","synoicus ypsilophorus","brown quail"
NA,"coturnix coturnix","common quail"
"relpar1","alectoris rufa","red-legged partridge"
"chukar","alectoris chukar","chukar"
NA,"perdicula asiatica","jungle bush-quail"
"chifla1","phoenicopterus chilensis","chilean flamingo"
NA,"tachybaptus ruficollis","little grebe"
"ausgre1","tachybaptus novaehollandiae","australasian grebe"
"horgre","podiceps auritus","horned grebe"
"rengre","podiceps grisegena","red-necked grebe"
NA,"podiceps cristatus","great crested grebe"
"eargre","podiceps nigricollis","eared grebe"
"rocpig","columba livia","rock pigeon"
"spepig1","columba guinea","speckled pigeon"
NA,"columba oenas","stock dove"
"cowpig1","columba palumbus","common wood-pigeon"
NA,"streptopelia turtur","european turtle-dove"
"ortdov","streptopelia orientalis","oriental turtle-dove"
"eucdov","streptopelia decaocto","eurasian collared-dove"
"reedov1","streptopelia semitorquata","red-eyed dove"
"recdov1","streptopelia tranquebarica","red collared-dove"
"spodov","spilopelia chinensis","spotted dove"
NA,"chalcophaps indica","asian emerald dove"
"crepig1","ocyphaps lophotes","crested pigeon"
"basdov1","geopelia humeralis","bar-shouldered dove"
NA,"treron affinis","gray-fronted green-pigeon"
"yefpig1","treron phoenicopterus","yellow-footed green-pigeon"
NA,"treron sieboldii","white-bellied green-pigeon"
NA,"treron formosae","whistling green-pigeon"
NA,"ducula aenea","green imperial-pigeon"
NA,"pterocles orientalis","black-bellied sandgrouse"
NA,"pterocles indicus","painted sandgrouse"
"grecou1","centropus sinensis","greater coucal"
NA,"centropus bengalensis","lesser coucal"
NA,"phaenicophaeus viridirostris","blue-faced malkoha"
NA,"clamator glandarius","great spotted cuckoo"
NA,"clamator jacobinus","pied cuckoo"
"asikoe2","eudynamys scolopaceus","asian koel"
"asikoe3","eudynamys orientalis","pacific koel"
"chbcuc2","scythrops novaehollandiae","channel-billed cuckoo"
"hobcuc1","chrysococcyx basalis","horsfield's bronze-cuckoo"
"shbcuc1","chrysococcyx lucidus","shining bronze-cuckoo"
"libcuc1","chrysococcyx minutillus","little bronze-cuckoo"
NA,"cacomantis passerinus","gray-bellied cuckoo"
"brucuc1","cacomantis variolosus","brush cuckoo"
NA,"hierococcyx sparverioides","large hawk-cuckoo"
NA,"hierococcyx varius","common hawk-cuckoo"
NA,"cuculus micropterus","indian cuckoo"
NA,"cuculus canorus","common cuckoo"
NA,"cuculus optatus","oriental cuckoo"
NA,"caprimulgus europaeus","eurasian nightjar"
NA,"caprimulgus asiaticus","indian nightjar"
NA,"caprimulgus affinis","savanna nightjar"
NA,"hirundapus caudacutus","white-throated needletail"
NA,"aerodramus unicolor","indian swiftlet"
NA,"tachymarptis melba","alpine swift"
NA,"apus apus","common swift"
NA,"apus unicolor","plain swift"
NA,"apus pallidus","pallid swift"
NA,"apus pacificus","pacific swift"
NA,"apus affinis","little swift"
"houswi1","apus nipalensis","house swift"
NA,"cypsiurus balasiensis","asian palm swift"
"cretre1","hemiprocne coronata","crested treeswift"
NA,"rallus aquaticus","water rail"
NA,"crex crex","corn crake"
NA,"lewinia striata","slaty-breasted rail"
"bubrai1","gallirallus philippensis","buff-banded rail"
NA,"porzana porzana","spotted crake"
NA,"gallinula chloropus","eurasian moorhen"
NA,"fulica atra","eurasian coot"
NA,"fulica cristata","red-knobbed coot"
NA,"porphyrio melanotus","australasian swamphen"
"purswa3","porphyrio poliocephalus","gray-headed swamphen"
"whbwat1","amaurornis phoenicurus","white-breasted waterhen"
NA,"zapornia fusca","ruddy-breasted crake"
NA,"zapornia parva","little crake"
NA,"balearica regulorum","gray crowned-crane"
"sancra","antigone canadensis","sandhill crane"
NA,"antigone antigone","sarus crane"
NA,"grus grus","common crane"
"indthk1","burhinus indicus","indian thick-knee"
NA,"himantopus himantopus","black-winged stilt"
"piesti1","himantopus leucocephalus","pied stilt"
"euroys1","haematopus ostralegus","eurasian oystercatcher"
"pieoys1","haematopus longirostris","pied oystercatcher"
"bkbplo","pluvialis squatarola","black-bellied plover"
"eugplo","pluvialis apricaria","european golden-plover"
"amgplo","pluvialis dominica","american golden-plover"
NA,"pluvialis fulva","pacific golden-plover"
NA,"eudromias morinellus","eurasian dotterel"
NA,"charadrius hiaticula","common ringed plover"
"semplo","charadrius semipalmatus","semipalmated plover"
"blfdot1","charadrius melanops","black-fronted dotterel"
"lirplo","charadrius dubius","little ringed plover"
"norlap","vanellus vanellus","northern lapwing"
"blaplo1","vanellus armatus","blacksmith lapwing"
NA,"vanellus spinosus","spur-winged lapwing"
NA,"vanellus duvaucelii","river lapwing"
"yewlap2","vanellus malabaricus","yellow-wattled lapwing"
"rewlap1","vanellus indicus","red-wattled lapwing"
"maslap1","vanellus miles","masked lapwing"
NA,"anarhynchus leschenaultii","greater sand-plover"
"recplo1","anarhynchus ruficapillus","red-capped plover"
NA,"anarhynchus alexandrinus","kentish plover"
"phtjac1","hydrophasianus chirurgus","pheasant-tailed jacana"
"brwjac1","metopidius indicus","bronze-winged jacana"
"brtcur","numenius tahitiensis","bristle-thighed curlew"
"whimbr","numenius phaeopus","whimbrel"
NA,"numenius minutus","little curlew"
NA,"numenius madagascariensis","far eastern curlew"
NA,"numenius arquata","eurasian curlew"
"batgod","limosa lapponica","bar-tailed godwit"
NA,"limosa limosa","black-tailed godwit"
"shbdow","limnodromus griseus","short-billed dowitcher"
"lobdow","limnodromus scolopaceus","long-billed dowitcher"
NA,"lymnocryptes minimus","jack snipe"
NA,"scolopax rusticola","eurasian woodcock"
NA,"gallinago hardwickii","latham's snipe"
NA,"gallinago gallinago","common snipe"
"wilpha","phalaropus tricolor","wilson's phalarope"
NA,"phalaropus lobatus","red-necked phalarope"
NA,"xenus cinereus","terek sandpiper"
"comsan","actitis hypoleucos","common sandpiper"
"sposan","actitis macularius","spotted sandpiper"
NA,"tringa ochropus","green sandpiper"
NA,"tringa brevipes","gray-tailed tattler"
"wantat1","tringa incana","wandering tattler"
NA,"tringa stagnatilis","marsh sandpiper"
NA,"tringa glareola","wood sandpiper"
"comred1","tringa totanus","common redshank"
"lesyel","tringa flavipes","lesser yellowlegs"
NA,"tringa guttifer","nordmann's greenshank"
NA,"tringa erythropus","spotted redshank"
NA,"tringa nebularia","common greenshank"
"greyel","tringa melanoleuca","greater yellowlegs"
"rudtur","arenaria interpres","ruddy turnstone"
NA,"calidris tenuirostris","great knot"
"redkno","calidris canutus","red knot"
NA,"calidris pugnax","ruff"
NA,"calidris falcinellus","broad-billed sandpiper"
NA,"calidris acuminata","sharp-tailed sandpiper"
NA,"calidris ferruginea","curlew sandpiper"
"stisan","calidris himantopus","stilt sandpiper"
NA,"calidris temminckii","temminck's stint"
NA,"calidris subminuta","long-toed stint"
NA,"calidris ruficollis","red-necked stint"
NA,"calidris pygmaea","spoon-billed sandpiper"
"bubsan","calidris subruficollis","buff-breasted sandpiper"
"sander","calidris alba","sanderling"
"dunlin","calidris alpina","dunlin"
"pursan","calidris maritima","purple sandpiper"
"rocsan","calidris ptilocnemis","rock sandpiper"
"baisan","calidris bairdii","baird's sandpiper"
NA,"calidris minuta","little stint"
NA,"calidris fuscicollis","white-rumped sandpiper"
"leasan","calidris minutilla","least sandpiper"
"pecsan","calidris melanotos","pectoral sandpiper"
"wessan","calidris mauri","western sandpiper"
NA,"turnix suscitator","barred buttonquail"
NA,"cursorius coromandelicus","indian courser"
NA,"glareola lactea","small pratincole"
NA,"glareola maldivarum","oriental pratincole"
NA,"stercorarius longicaudus","long-tailed jaeger"
"parjae","stercorarius parasiticus","parasitic jaeger"
"pomjae","stercorarius pomarinus","pomarine jaeger"
"piggui","cepphus columba","pigeon guillemot"
NA,"hydrocoloeus minutus","little gull"
NA,"rhodostethia rosea","ross's gull"
NA,"pagophila eburnea","ivory gull"
"sabgul","xema sabini","sabine's gull"
NA,"saundersilarus saundersi","saunders's gull"
"bongul","chroicocephalus philadelphia","bonaparte's gull"
"silgul2","chroicocephalus novaehollandiae","silver gull"
NA,"chroicocephalus ridibundus","black-headed gull"
NA,"chroicocephalus brunnicephalus","brown-headed gull"
"laugul","leucophaeus atricilla","laughing gull"
"fragul","leucophaeus pipixcan","franklin's gull"
"audgul1","ichthyaetus audouinii","audouin's gull"
NA,"ichthyaetus melanocephalus","mediterranean gull"
NA,"larus crassirostris","black-tailed gull"
NA,"larus canus","common gull"
"mewgul2","larus brachyrhynchus","short-billed gull"
"ribgul","larus delawarensis","ring-billed gull"
"wesgul","larus occidentalis","western gull"
NA,"larus cachinnans","caspian gull"
"hergul","larus argentatus","herring gull"
"yelgul1","larus michahellis","yellow-legged gull"
"gbbgul","larus marinus","great black-backed gull"
"glagul","larus hyperboreus","glaucous gull"
"lbbgul","larus fuscus","lesser black-backed gull"
"glwgul","larus glaucescens","glaucous-winged gull"
NA,"larus schistisagus","slaty-backed gull"
"y00478","larus glaucoides","iceland gull"
"aleter1","onychoprion aleuticus","aleutian tern"
NA,"sternula albifrons","little tern"
"leater1","sternula antillarum","least tern"
"caster1","hydroprogne caspia","caspian tern"
"blkter","chlidonias niger","black tern"
NA,"chlidonias leucopterus","white-winged tern"
"rivter1","sterna aurantia","river tern"
"arcter","sterna paradisaea","arctic tern"
"comter","sterna hirundo","common tern"
NA,"sterna sumatrana","black-naped tern"
NA,"sterna dougallii","roseate tern"
"santer1","thalasseus sandvicensis","sandwich tern"
NA,"thalasseus bergii","great crested tern"
"retloo","gavia stellata","red-throated loon"
NA,"gavia arctica","arctic loon"
"pacloo","gavia pacifica","pacific loon"
"comloo","gavia immer","common loon"
NA,"gavia adamsii","yellow-billed loon"
NA,"puffinus yelkouan","yelkouan shearwater"
NA,"puffinus mauretanicus","balearic shearwater"
NA,"anastomus oscitans","asian openbill"
NA,"ciconia nigra","black stork"
"wonsto1","ciconia episcopus","asian woolly-necked stork"
NA,"ciconia ciconia","white stork"
NA,"ciconia boyciana","oriental stork"
NA,"mycteria leucocephala","painted stork"
"norgan","morus bassanus","northern gannet"
NA,"anhinga melanogaster","oriental darter"
"lipcor1","microcarbo melanoleucos","little pied cormorant"
"litcor1","microcarbo niger","little cormorant"
NA,"microcarbo pygmaeus","pygmy cormorant"
NA,"urile urile","red-faced cormorant"
"pelcor","urile pelagicus","pelagic cormorant"
"grecor","phalacrocorax carbo","great cormorant"
NA,"phalacrocorax fuscicollis","indian cormorant"
"libcor1","phalacrocorax sulcirostris","little black cormorant"
NA,"gulosus aristotelis","european shag"
"doccor","nannopterum auritum","double-crested cormorant"
"brnpel","pelecanus occidentalis","brown pelican"
NA,"pelecanus onocrotalus","great white pelican"
"spbpel1","pelecanus philippensis","spot-billed pelican"
NA,"scopus umbretta","hamerkop"
NA,"botaurus stellaris","great bittern"
NA,"ixobrychus flavicollis","black bittern"
NA,"ixobrychus cinnamomeus","cinnamon bittern"
NA,"ixobrychus minutus","little bittern"
NA,"ixobrychus sinensis","yellow bittern"
"bcnher","nycticorax nycticorax","black-crowned night heron"
NA,"egretta sacra","pacific reef-heron"
NA,"egretta eulophotes","chinese egret"
NA,"egretta garzetta","little egret"
NA,"egretta gularis","western reef-heron"
"whfher1","egretta novaehollandiae","white-faced heron"
NA,"butorides striata","striated heron"
NA,"ardeola ralloides","squacco heron"
"inpher1","ardeola grayii","indian pond-heron"
NA,"ardeola bacchus","chinese pond-heron"
"greegr","ardea alba","great egret"
NA,"ardea cinerea","gray heron"
NA,"ardea purpurea","purple heron"
NA,"ardea melanocephala","black-headed heron"
NA,"ardea goliath","goliath heron"
"gloibi","plegadis falcinellus","glossy ibis"
"ausibi1","threskiornis molucca","australian ibis"
NA,"pseudibis papillosa","red-naped ibis"
"hadibi1","bostrychia hagedash","hadada ibis"
NA,"platalea leucorodia","eurasian spoonbill"
"royspo1","platalea regia","royal spoonbill"
NA,"platalea minor","black-faced spoonbill"
"blkvul","coragyps atratus","black vulture"
"turvul","cathartes aura","turkey vulture"
"osprey","pandion haliaetus","osprey"
NA,"elanus caeruleus","black-winged kite"
NA,"gypaetus barbatus","bearded vulture"
NA,"neophron percnopterus","egyptian vulture"
NA,"pernis apivorus","european honey-buzzard"
"orihob2","pernis ptilorhynchus","oriental honey-buzzard"
"cinvul1","aegypius monachus","cinereous vulture"
NA,"gyps africanus","white-backed vulture"
NA,"gyps himalayensis","himalayan griffon"
"eurgri1","gyps fulvus","eurasian griffon"
NA,"spilornis cheela","crested serpent-eagle"
NA,"circaetus gallicus","short-toed snake-eagle"
NA,"nisaetus nipalensis","mountain hawk-eagle"
NA,"nisaetus cirrhatus","changeable hawk-eagle"
NA,"ictinaetus malaiensis","black eagle"
NA,"clanga pomarina","lesser spotted eagle"
NA,"clanga clanga","greater spotted eagle"
"booeag1","hieraaetus pennatus","booted eagle"
NA,"aquila nipalensis","steppe eagle"
NA,"aquila heliaca","imperial eagle"
"goleag","aquila chrysaetos","golden eagle"
NA,"aquila verreauxii","verreaux's eagle"
NA,"aquila fasciata","bonelli's eagle"
"whebuz1","butastur teesa","white-eyed buzzard"
NA,"butastur liventer","rufous-winged buzzard"
NA,"butastur indicus","gray-faced buzzard"
NA,"circus aeruginosus","western marsh harrier"
NA,"circus spilonotus","eastern marsh harrier"
"swahar1","circus approximans","swamp harrier"
NA,"circus cyaneus","hen harrier"
"norhar2","circus hudsonius","northern harrier"
NA,"circus macrourus","pallid harrier"
NA,"circus pygargus","montagu's harrier"
"cregos1","accipiter trivirgatus","crested goshawk"
NA,"accipiter badius","shikra"
NA,"accipiter brevipes","levant sparrowhawk"
NA,"accipiter soloensis","chinese sparrowhawk"
"brogos1","accipiter fasciatus","brown goshawk"
NA,"accipiter virgatus","besra"
NA,"accipiter nisus","eurasian sparrowhawk"
"redkit1","milvus milvus","red kite"
"blakit1","milvus migrans","black kite"
NA,"haliastur indus","brahminy kite"
"baleag","haliaeetus leucocephalus","bald eagle"
"wbseag1","icthyophaga leucogaster","white-bellied sea-eagle"
"hrshaw","parabuteo unicinctus","harris's hawk"
"rolhaw","buteo lagopus","rough-legged hawk"
NA,"buteo buteo","common buzzard"
NA,"buteo japonicus","eastern buzzard"
"brnowl","tyto alba","barn owl"
NA,"otus spilocephalus","mountain scops-owl"
NA,"otus bakkamoena","indian scops-owl"
NA,"otus lettia","collared scops-owl"
NA,"otus scops","eurasian scops-owl"
NA,"otus cyprius","cyprus scops-owl"
"snoowl1","bubo scandiacus","snowy owl"
NA,"ketupa flavipes","tawny fish-owl"
"nohowl","surnia ulula","northern hawk owl"
NA,"glaucidium passerinum","eurasian pygmy-owl"
NA,"glaucidium cuculoides","asian barred owlet"
"junowl1","glaucidium radiatum","jungle owlet"
NA,"taenioptynx brodiei","collared owlet"
"spoowl1","athene brama","spotted owlet"
"litowl1","athene noctua","little owl"
NA,"strix aluco","tawny owl"
"loeowl","asio otus","long-eared owl"
"sheowl","asio flammeus","short-eared owl"
NA,"harpactes fasciatus","malabar trogon"
NA,"upupa epops","eurasian hoopoe"
NA,"bucorvus leadbeateri","southern ground-hornbill"
NA,"lophoceros nasutus","african gray hornbill"
"inghor2","ocyceros birostris","indian gray hornbill"
NA,"ocyceros griseus","malabar gray hornbill"
NA,"anthracoceros coronatus","malabar pied-hornbill"
NA,"anthracoceros albirostris","oriental pied-hornbill"
"comkin1","alcedo atthis","common kingfisher"
"laukoo1","dacelo novaeguineae","laughing kookaburra"
NA,"pelargopsis capensis","stork-billed kingfisher"
NA,"halcyon smyrnensis","white-throated kingfisher"
NA,"halcyon pileata","black-capped kingfisher"
"sackin1","todiramphus sanctus","sacred kingfisher"
"piekin1","ceryle rudis","pied kingfisher"
NA,"merops philippinus","blue-tailed bee-eater"
NA,"merops ornatus","rainbow bee-eater"
"eubeat1","merops apiaster","european bee-eater"
NA,"merops leschenaulti","chestnut-headed bee-eater"
NA,"coracias garrulus","european roller"
NA,"coracias caudatus","lilac-breasted roller"
"indrol2","coracias benghalensis","indian roller"
NA,"eurystomus orientalis","dollarbird"
NA,"psilopogon malabaricus","malabar barbet"
"copbar1","psilopogon haemacephalus","coppersmith barbet"
NA,"psilopogon virens","great barbet"
NA,"psilopogon lineatus","lineated barbet"
NA,"psilopogon zeylanicus","brown-headed barbet"
"whcbar1","psilopogon viridis","white-cheeked barbet"
"taibar2","psilopogon nuchalis","taiwan barbet"
NA,"psilopogon asiaticus","blue-throated barbet"
NA,"jynx torquilla","eurasian wryneck"
NA,"picoides tridactylus","eurasian three-toed woodpecker"
"bncwoo3","yungipicus nanus","brown-capped pygmy woodpecker"
"gycwoo1","yungipicus canicapillus","gray-capped pygmy woodpecker"
"pygwoo1","yungipicus kizuki","japanese pygmy woodpecker"
NA,"leiopicus mahrattensis","yellow-crowned woodpecker"
NA,"dendrocoptes medius","middle spotted woodpecker"
NA,"dendrocopos macei","fulvous-breasted woodpecker"
NA,"dendrocopos leucotos","white-backed woodpecker"
NA,"dendrocopos major","great spotted woodpecker"
"syrwoo1","dendrocopos syriacus","syrian woodpecker"
NA,"dryobates minor","lesser spotted woodpecker"
NA,"chrysocolaptes guttacristatus","greater flameback"
NA,"micropternus brachyurus","rufous woodpecker"
"bkrfla1","dinopium benghalense","black-rumped flameback"
NA,"picus chlorolophus","lesser yellownape"
NA,"picus xanthopygaeus","streak-throated woodpecker"
NA,"picus canus","gray-headed woodpecker"
NA,"picus viridis","eurasian green woodpecker"
NA,"dryocopus martius","black woodpecker"
NA,"falco naumanni","lesser kestrel"
"eurkes","falco tinnunculus","eurasian kestrel"
"auskes1","falco cenchroides","nankeen kestrel"
NA,"falco vespertinus","red-footed falcon"
NA,"falco eleonorae","eleonora's falcon"
"merlin","falco columbarius","merlin"
"perfal","falco peregrinus","peregrine falcon"
"cockat","nymphicus hollandicus","cockatiel"
"gagcoc1","callocephalon fimbriatum","gang-gang cockatoo"
"galah","eolophus roseicapilla","galah"
"litcor2","cacatua sanguinea","little corella"
"succoc","cacatua galerita","sulphur-crested cockatoo"
"aukpar1","alisterus scapularis","australian king-parrot"
"alepar2","psittacula eupatria","alexandrine parakeet"
NA,"psittacula krameri","rose-ringed parakeet"
"plhpar1","psittacula cyanocephala","plum-headed parakeet"
NA,"psittacula columboides","malabar parakeet"
"criros2","platycercus elegans","crimson rosella"
"easros1","platycercus eximius","eastern rosella"
"budger","melopsittacus undulatus","budgerigar"
"railor5","trichoglossus moluccanus","rainbow lorikeet"
NA,"loriculus vernalis","vernal hanging-parrot"
NA,"agapornis roseicollis","rosy-faced lovebird"
"monpar","myiopsitta monachus","monk parakeet"
NA,"amazona ochrocephala","yellow-crowned parrot"
NA,"amazona aestiva","turquoise-fronted parrot"
NA,"amazona amazonica","orange-winged parrot"
"bkhpar","aratinga nenday","nanday parakeet"
"baymac","ara ararauna","blue-and-yellow macaw"
NA,"ara severus","chestnut-fronted macaw"
"scamac1","ara macao","scarlet macaw"
NA,"ara chloropterus","red-and-green macaw"
"grnpar","psittacara holochlorus","green parakeet"
NA,"psittacara erythrogenys","red-masked parakeet"
"indpit1","pitta brachyura","indian pitta"
NA,"pitta nympha","fairy pitta"
"grekis","pitangus sulphuratus","great kiskadee"
"brohon1","lichmera indistincta","brown honeyeater"
"blfhon1","entomyzon cyanotis","blue-faced honeyeater"
NA,"pericrocotus cinnamomeus","small minivet"
"gycmin1","pericrocotus solaris","gray-chinned minivet"
NA,"pericrocotus ethologus","long-tailed minivet"
"scamin3","pericrocotus flammeus","orange minivet"
NA,"pericrocotus speciosus","scarlet minivet"
NA,"pericrocotus divaricatus","ashy minivet"
"bkfcus1","coracina novaehollandiae","black-faced cuckooshrike"
NA,"coracina macei","large cuckooshrike"
NA,"lalage melanoptera","black-headed cuckooshrike"
"whbyuh1","erpornis zantholeuca","white-bellied erpornis"
"eugori2","oriolus oriolus","eurasian golden oriole"
NA,"oriolus kundoo","indian golden oriole"
NA,"oriolus chinensis","black-naped oriole"
NA,"oriolus xanthornus","black-hooded oriole"
"marori2","oriolus traillii","maroon oriole"
NA,"artamus fuscus","ashy woodswallow"
"blfwoo1","artamus cinereus","black-faced woodswallow"
NA,"tephrodornis pondicerianus","common woodshrike"
NA,"hemipus picatus","bar-winged flycatcher-shrike"
NA,"aegithina tiphia","common iora"
NA,"aegithina nigrolutea","white-tailed iora"
NA,"rhipidura javanica","malaysian pied-fantail"
"spbfan1","rhipidura albogularis","spot-breasted fantail"
NA,"rhipidura aureola","white-browed fantail"
NA,"dicrurus macrocercus","black drongo"
NA,"dicrurus leucophaeus","ashy drongo"
NA,"dicrurus caerulescens","white-bellied drongo"
NA,"dicrurus aeneus","bronzed drongo"
NA,"dicrurus hottentottus","hair-crested drongo"
NA,"dicrurus paradiseus","greater racket-tailed drongo"
NA,"hypothymis azurea","black-naped monarch"
"aspfly1","terpsiphone paradisi","indian paradise-flycatcher"
"maglar1","grallina cyanoleuca","magpie-lark"
"buhshr1","lanius bucephalus","bull-headed shrike"
"rebshr1","lanius collurio","red-backed shrike"
"brnshr","lanius cristatus","brown shrike"
"lotshr1","lanius schach","long-tailed shrike"
NA,"lanius tephronotus","gray-backed shrike"
"norshr4","lanius borealis","northern shrike"
NA,"lanius excubitor","great gray shrike"
NA,"lanius minor","lesser gray shrike"
"wooshr1","lanius senator","woodchat shrike"
NA,"perisoreus infaustus","siberian jay"
"grnjay","cyanocorax yncas","green jay"
"eurjay1","garrulus glandarius","eurasian jay"
NA,"cyanopica cyanus","azure-winged magpie"
NA,"urocissa caerulea","taiwan blue-magpie"
NA,"urocissa flavirostris","yellow-billed blue-magpie"
NA,"urocissa erythroryncha","red-billed blue-magpie"
"ruftre2","dendrocitta vagabunda","rufous treepie"
"grytre1","dendrocitta formosae","gray treepie"
"whbtre1","dendrocitta leucogastra","white-bellied treepie"
NA,"pica serica","oriental magpie"
"eurmag1","pica pica","eurasian magpie"
"bkbmag1","pica hudsonia","black-billed magpie"
NA,"nucifraga caryocatactes","eurasian nutcracker"
NA,"pyrrhocorax pyrrhocorax","red-billed chough"
NA,"pyrrhocorax graculus","yellow-billed chough"
NA,"corvus monedula","eurasian jackdaw"
"houcro1","corvus splendens","house crow"
NA,"corvus frugilegus","rook"
NA,"corvus corone","carrion crow"
NA,"corvus cornix","hooded crow"
NA,"corvus macrorhynchos","large-billed crow"
NA,"corvus albus","pied crow"
"comrav","corvus corax","common raven"
NA,"chelidorhynx hypoxanthus","yellow-bellied fairy-fantail"
NA,"culicicapa ceylonensis","gray-headed canary-flycatcher"
NA,"periparus ater","coal tit"
NA,"lophophanes cristatus","crested tit"
NA,"sittiparus castaneoventris","chestnut-bellied tit"
"vartit1","sittiparus varius","varied tit"
NA,"poecile lugubris","sombre tit"
"martit2","poecile palustris","marsh tit"
NA,"poecile montanus","willow tit"
NA,"poecile cinctus","gray-headed chickadee"
"blutit","cyanistes caeruleus","eurasian blue tit"
"grbtit1","parus monticolus","green-backed tit"
"gretit1","parus major","great tit"
NA,"parus cinereus","cinereous tit"
"gretit4","parus minor","japanese tit"
NA,"machlolophus holsti","taiwan yellow tit"
NA,"machlolophus aplonotus","indian yellow tit"
NA,"remiz pendulinus","eurasian penduline-tit"
"rutlar2","ammomanes phoenicura","rufous-tailed lark"
"ascspl1","eremopterix griseus","ashy-crowned sparrow-lark"
"jerbus2","mirafra affinis","jerdon's bushlark"
NA,"mirafra erythroptera","indian bushlark"
"horlar","eremophila alpestris","horned lark"
"callar1","melanocorypha calandra","calandra lark"
NA,"lullula arborea","wood lark"
NA,"alauda arvensis","eurasian skylark"
NA,"alauda gulgula","oriental skylark"
"crelar1","galerida cristata","crested lark"
NA,"panurus biarmicus","bearded reedling"
"comtai1","orthotomus sutorius","common tailorbird"
NA,"prinia hodgsonii","gray-breasted prinia"
NA,"prinia sylvatica","jungle prinia"
NA,"prinia flaviventris","yellow-bellied prinia"
"ashpri1","prinia socialis","ashy prinia"
NA,"prinia inornata","plain prinia"
NA,"cisticola juncidis","zitting cisticola"
NA,"cisticola exilis","golden-headed cisticola"
NA,"iduna caligata","booted warbler"
NA,"iduna rama","sykes's warbler"
NA,"hippolais polyglotta","melodious warbler"
NA,"hippolais icterina","icterine warbler"
NA,"acrocephalus schoenobaenus","sedge warbler"
NA,"acrocephalus agricola","paddyfield warbler"
"blrwar1","acrocephalus dumetorum","blyth's reed warbler"
NA,"acrocephalus palustris","marsh warbler"
NA,"acrocephalus scirpaceus","common reed warbler"
NA,"acrocephalus arundinaceus","great reed warbler"
NA,"acrocephalus orientalis","oriental reed warbler"
NA,"acrocephalus stentoreus","clamorous reed warbler"
NA,"locustella fluviatilis","river warbler"
NA,"locustella luscinioides","savi's warbler"
NA,"locustella naevia","common grasshopper warbler"
NA,"locustella alishanensis","taiwan bush warbler"
NA,"pnoepyga formosana","taiwan cupwing"
NA,"riparia chinensis","gray-throated martin"
"banswa","riparia riparia","bank swallow"
"eurcrm1","ptyonoprogne rupestris","eurasian crag-martin"
NA,"ptyonoprogne concolor","dusky crag-martin"
"pacswa1","hirundo tahitica","pacific swallow"
"barswa","hirundo rustica","barn swallow"
NA,"delichon dasypus","asian house-martin"
"rerswa1","cecropis daurica","red-rumped swallow"
"lessts1","cecropis abyssinica","lesser striped swallow"
NA,"petrochelidon fluvicola","streak-throated swallow"
"faimar2","petrochelidon ariel","fairy martin"
NA,"petrochelidon nigricans","tree martin"
NA,"iole propinqua","gray-eyed bulbul"
"yebbul3","acritillas indica","yellow-browed bulbul"
"brebul1","hypsipetes amaurotis","brown-eared bulbul"
"blabul1","hypsipetes leucocephalus","black bulbul"
NA,"hypsipetes ganeesa","square-tailed bulbul"
NA,"rubigula flaviventris","black-crested bulbul"
NA,"rubigula gularis","flame-throated bulbul"
NA,"spizixos semitorques","collared finchbill"
"whbbul2","pycnonotus luteolus","white-browed bulbul"
NA,"pycnonotus xantholaemus","yellow-throated bulbul"
"livbul1","pycnonotus sinensis","light-vented bulbul"
NA,"pycnonotus taivanus","styan's bulbul"
NA,"pycnonotus jocosus","red-whiskered bulbul"
"revbul","pycnonotus cafer","red-vented bulbul"
"whcbul2","pycnonotus leucogenys","himalayan bulbul"
NA,"pycnonotus xanthopygos","white-spectacled bulbul"
NA,"phylloscopus sibilatrix","wood warbler"
NA,"phylloscopus inornatus","yellow-browed warbler"
NA,"phylloscopus proregulus","pallas's leaf warbler"
NA,"phylloscopus chloronotus","lemon-rumped warbler"
NA,"phylloscopus tytleri","tytler's leaf warbler"
NA,"phylloscopus fuscatus","dusky warbler"
"wlwwar","phylloscopus trochilus","willow warbler"
"comchi1","phylloscopus collybita","common chiffchaff"
NA,"phylloscopus nitidus","green warbler"
NA,"phylloscopus trochiloides","greenish warbler"
NA,"phylloscopus magnirostris","large-billed leaf warbler"
NA,"phylloscopus borealis","arctic warbler"
NA,"phylloscopus examinandus","kamchatka leaf warbler"
NA,"phylloscopus occipitalis","western crowned warbler"
NA,"urosphena squameiceps","asian stubtail"
"cetwar1","cettia cetti","cetti's warbler"
NA,"abroscopus albogularis","rufous-faced warbler"
"jabwar","horornis diphone","japanese bush warbler"
"blttit2","aegithalos concinnus","black-throated tit"
NA,"sylvia atricapilla","eurasian blackcap"
NA,"sylvia borin","garden warbler"
NA,"curruca nisoria","barred warbler"
"leswhi4","curruca curruca","lesser whitethroat"
NA,"curruca crassirostris","eastern orphean warbler"
"sarwar1","curruca melanocephala","sardinian warbler"
"grewhi1","curruca communis","greater whitethroat"
NA,"chrysomma sinense","yellow-eyed babbler"
NA,"fulvetta vinipectus","white-browed fulvetta"
NA,"fulvetta formosana","taiwan fulvetta"
NA,"suthora verreauxi","golden parrotbill"
NA,"suthora webbiana","vinous-throated parrotbill"
NA,"yuhina brunneiceps","taiwan yuhina"
NA,"yuhina flavicollis","whiskered yuhina"
NA,"zosterops simplex","swinhoe's white-eye"
"warwhe1","zosterops japonicus","warbling white-eye"
NA,"zosterops palpebrosus","indian white-eye"
NA,"dumetia hyperythra","tawny-bellied babbler"
NA,"dumetia atriceps","dark-fronted babbler"
NA,"cyanoderma pyrrhops","black-chinned babbler"
"rucbab1","cyanoderma ruficeps","rufous-capped babbler"
"taiscb1","pomatorhinus musicus","taiwan scimitar-babbler"
NA,"pomatorhinus horsfieldii","indian scimitar-babbler"
NA,"erythrogenys erythrogenys","rusty-cheeked scimitar-babbler"
"sbsbab2","erythrogenys erythrocnemis","black-necklaced scimitar-babbler"
NA,"schoeniparus brunneus","dusky fulvetta"
NA,"pellorneum ruficeps","puff-throated babbler"
NA,"alcippe poioicephala","brown-cheeked fulvetta"
"gycful1","alcippe morrisonia","morrison's fulvetta"
NA,"grammatoptila striata","striated laughingthrush"
NA,"trochalopteron lineatum","streaked laughingthrush"
NA,"trochalopteron morrisonianum","white-whiskered laughingthrush"
NA,"trochalopteron erythrocephalum","chestnut-crowned laughingthrush"
NA,"heterophasia auricularis","white-eared sibia"
NA,"heterophasia capistrata","rufous sibia"
NA,"actinodura morrisoniana","taiwan barwing"
"reblei","leiothrix lutea","red-billed leiothrix"
NA,"liocichla steerii","steere's liocichla"
NA,"argya malcolmi","large gray babbler"
NA,"argya subrufa","rufous babbler"
"junbab2","argya striata","jungle babbler"
"yebbab1","argya affinis","yellow-billed babbler"
NA,"argya caudata","common babbler"
NA,"garrulax canorus","chinese hwamei"
NA,"garrulax taewanus","taiwan hwamei"
NA,"pterorhinus delesserti","wayanad laughingthrush"
NA,"pterorhinus chinensis","black-throated laughingthrush"
NA,"pterorhinus albogularis","white-throated laughingthrush"
NA,"pterorhinus ruficeps","rufous-crowned laughingthrush"
NA,"pterorhinus poecilorhynchus","rusty laughingthrush"
"goldcr1","regulus regulus","goldcrest"
NA,"regulus goodfellowi","flamecrest"
NA,"regulus ignicapilla","common firecrest"
NA,"tichodroma muraria","wallcreeper"
NA,"sitta frontalis","velvet-fronted nuthatch"
NA,"sitta krueperi","krüper's nuthatch"
NA,"sitta neumayer","western rock nuthatch"
NA,"sitta castanea","indian nuthatch"
NA,"sitta cinnamoventris","chestnut-bellied nuthatch"
NA,"sitta neglecta","burmese nuthatch"
NA,"sitta europaea","eurasian nuthatch"
"shttre1","certhia brachydactyla","short-toed treecreeper"
NA,"troglodytes troglodytes","eurasian wren"
"pacwre1","troglodytes pacificus","pacific wren"
NA,"cinclus cinclus","white-throated dipper"
NA,"cinclus pallasii","brown dipper"
NA,"aplonis panayensis","asian glossy starling"
"hilmyn","gracula religiosa","common hill myna"
NA,"gracula indica","southern hill myna"
"eursta","sturnus vulgaris","european starling"
NA,"pastor roseus","rosy starling"
NA,"gracupica nigricollis","black-collared starling"
NA,"gracupica contra","indian pied starling"
NA,"sturnia sinensis","white-shouldered starling"
"brasta1","sturnia pagodarum","brahminy starling"
NA,"sturnia malabarica","chestnut-tailed starling"
NA,"sturnia blythii","malabar starling"
NA,"spodiopsar sericeus","red-billed starling"
"whcsta1","spodiopsar cineraceus","white-cheeked starling"
"commyn","acridotheres tristis","common myna"
"banmyn1","acridotheres ginginianus","bank myna"
NA,"acridotheres fuscus","jungle myna"
NA,"acridotheres javanicus","javan myna"
NA,"acridotheres cristatellus","crested myna"
NA,"onychognathus morio","red-winged starling"
NA,"lamprotornis superbus","superb starling"
"lotmoc1","mimus longicaudatus","long-tailed mockingbird"
"gycthr","catharus minimus","gray-cheeked thrush"
NA,"geokichla citrina","orange-headed thrush"
NA,"turdus viscivorus","mistle thrush"
NA,"turdus philomelos","song thrush"
NA,"turdus iliacus","redwing"
"eurbla","turdus merula","eurasian blackbird"
NA,"turdus niveiceps","taiwan thrush"
NA,"turdus simillimus","indian blackbird"
NA,"turdus obscurus","eyebrowed thrush"
NA,"turdus chrysolaus","brown-headed thrush"
"palthr1","turdus pallidus","pale thrush"
NA,"turdus pilaris","fieldfare"
NA,"turdus torquatus","ring ouzel"
NA,"muscicapa griseisticta","gray-streaked flycatcher"
NA,"muscicapa ferruginea","ferruginous flycatcher"
NA,"muscicapa dauurica","asian brown flycatcher"
NA,"muscicapa muttui","brown-breasted flycatcher"
NA,"muscicapa striata","spotted flycatcher"
NA,"cercotrichas galactotes","rufous-tailed scrub-robin"
"indrob1","copsychus fulicatus","indian robin"
"magrob","copsychus saularis","oriental magpie-robin"
"whrsha","copsychus malabaricus","white-rumped shama"
NA,"eumyias thalassinus","verditer flycatcher"
NA,"cyornis tickelliae","tickell's blue flycatcher"
"eurrob1","erithacus rubecula","european robin"
NA,"brachypteryx goodfellowi","taiwan shortwing"
NA,"larvivora brunnea","indian blue robin"
NA,"irania gutturalis","white-throated robin"
NA,"luscinia luscinia","thrush nightingale"
"comnig1","luscinia megarhynchos","common nightingale"
"blueth","luscinia svecica","bluethroat"
NA,"myophonus horsfieldii","malabar whistling-thrush"
NA,"myophonus insularis","taiwan whistling-thrush"
NA,"myophonus caeruleus","blue whistling-thrush"
NA,"enicurus scouleri","little forktail"
NA,"calliope calliope","siberian rubythroat"
NA,"myiomela leucura","white-tailed robin"
NA,"tarsiger indicus","white-browed bush-robin"
NA,"tarsiger johnstoniae","collared bush-robin"
NA,"ficedula albicilla","taiga flycatcher"
NA,"ficedula parva","red-breasted flycatcher"
NA,"ficedula hypoleuca","european pied flycatcher"
NA,"ficedula albicollis","collared flycatcher"
NA,"phoenicurus frontalis","blue-fronted redstart"
NA,"phoenicurus fuliginosus","plumbeous redstart"
NA,"phoenicurus leucocephalus","white-capped redstart"
NA,"phoenicurus phoenicurus","common redstart"
"blared1","phoenicurus ochruros","black redstart"
"daured1","phoenicurus auroreus","daurian redstart"
NA,"monticola cinclorhyncha","blue-capped rock-thrush"
NA,"monticola saxatilis","rufous-tailed rock-thrush"
NA,"monticola solitarius","blue rock-thrush"
NA,"saxicola rubetra","whinchat"
NA,"saxicola rubicola","european stonechat"
NA,"saxicola maurus","siberian stonechat"
NA,"saxicola stejnegeri","amur stonechat"
NA,"saxicola caprata","pied bushchat"
NA,"saxicola ferreus","gray bushchat"
NA,"oenanthe oenanthe","northern wheatear"
NA,"oenanthe isabellina","isabelline wheatear"
NA,"oenanthe melanoleuca","eastern black-eared wheatear"
NA,"oenanthe fusca","brown rock chat"
"bohwax","bombycilla garrulus","bohemian waxwing"
NA,"dicaeum agile","thick-billed flowerpecker"
NA,"dicaeum erythrorhynchos","pale-billed flowerpecker"
NA,"dicaeum concolor","nilgiri flowerpecker"
NA,"dicaeum minullum","plain flowerpecker"
"pursun3","leptocoma zeylonica","purple-rumped sunbird"
NA,"leptocoma minima","crimson-backed sunbird"
NA,"cinnyris asiaticus","purple sunbird"
"lobsun2","cinnyris lotenius","loten's sunbird"
NA,"aethopyga nipalensis","green-tailed sunbird"
NA,"aethopyga siparaja","crimson sunbird"
NA,"arachnothera longirostra","little spiderhunter"
"asfblu1","irena puella","asian fairy-bluebird"
"jerlea1","chloropsis jerdoni","jerdon's leafbird"
NA,"chloropsis aurifrons","golden-fronted leafbird"
NA,"ploceus philippinus","baya weaver"
NA,"euplectes franciscanus","northern red bishop"
NA,"euodice malabarica","indian silverbill"
NA,"padda oryzivora","java sparrow"
"nutman","lonchura punctulata","scaly-breasted munia"
NA,"lonchura striata","white-rumped munia"
NA,"lonchura malacca","tricolored munia"
NA,"lonchura atricapilla","chestnut munia"
NA,"estrilda astrild","common waxbill"
"bubcor1","uraeginthus angolensis","southern cordonbleu"
NA,"vidua macroura","pin-tailed whydah"
NA,"prunella collaris","alpine accentor"
NA,"prunella modularis","dunnock"
"houspa","passer domesticus","house sparrow"
NA,"passer hispaniolensis","spanish sparrow"
"russpa2","passer cinnamomeus","russet sparrow"
"eutspa","passer montanus","eurasian tree sparrow"
NA,"gymnoris xanthocollis","yellow-throated sparrow"
NA,"montifringilla nivalis","white-winged snowfinch"
"grywag","motacilla cinerea","gray wagtail"
NA,"motacilla flava","western yellow wagtail"
NA,"motacilla tschutschensis","eastern yellow wagtail"
NA,"motacilla citreola","citrine wagtail"
NA,"motacilla maderaspatensis","white-browed wagtail"
NA,"motacilla alba","white wagtail"
NA,"anthus richardi","richard's pipit"
NA,"anthus rufulus","paddyfield pipit"
NA,"anthus campestris","tawny pipit"
NA,"anthus pratensis","meadow pipit"
NA,"anthus trivialis","tree pipit"
NA,"anthus hodgsoni","olive-backed pipit"
NA,"anthus cervinus","red-throated pipit"
NA,"anthus spinoletta","water pipit"
"amepip","anthus rubescens","american pipit"
"comcha","fringilla coelebs","common chaffinch"
NA,"fringilla montifringilla","brambling"
NA,"coccothraustes coccothraustes","hawfinch"
NA,"carpodacus erythrinus","common rosefinch"
NA,"carpodacus formosanus","taiwan rosefinch"
"pingro","pinicola enucleator","pine grosbeak"
NA,"pyrrhula nipalensis","brown bullfinch"
NA,"pyrrhula pyrrhula","eurasian bullfinch"
"gcrfin","leucosticte tephrocotis","gray-crowned rosy-finch"
NA,"chloris chloris","european greenfinch"
"origre","chloris sinica","oriental greenfinch"
NA,"crithagra mozambica","yellow-fronted canary"
NA,"linaria flavirostris","twite"
NA,"linaria cannabina","eurasian linnet"
"comred","acanthis flammea","common redpoll"
"hoared","acanthis hornemanni","hoary redpoll"
NA,"loxia pytyopsittacus","parrot crossbill"
"redcro","loxia curvirostra","red crossbill"
"whwcro","loxia leucoptera","white-winged crossbill"
"eurgol","carduelis carduelis","european goldfinch"
"eurser1","serinus serinus","european serin"
NA,"spinus spinus","eurasian siskin"
"amegfi","spinus tristis","american goldfinch"
"laplon","calcarius lapponicus","lapland longspur"
"snobun","plectrophenax nivalis","snow bunting"
NA,"plectrophenax hyperboreus","mckay's bunting"
NA,"emberiza melanocephala","black-headed bunting"
"corbun1","emberiza calandra","corn bunting"
NA,"emberiza cia","rock bunting"
NA,"emberiza cirlus","cirl bunting"
NA,"emberiza citrinella","yellowhammer"
NA,"emberiza hortulana","ortolan bunting"
NA,"emberiza caesia","cretzschmar's bunting"
NA,"emberiza schoeniclus","reed bunting"
NA,"emberiza aureola","yellow-breasted bunting"
NA,"emberiza pusilla","little bunting"
NA,"emberiza rustica","rustic bunting"
"whcspa","zonotrichia leucophrys","white-crowned sparrow"
"gocspa","zonotrichia atricapilla","golden-crowned sparrow"
"savspa","passerculus sandwichensis","savannah sparrow"
"whbbla2","leistes superciliaris","white-browed meadowlark"
"comyel","geothlypis trichas","common yellowthroat"
"yerwar","setophaga coronata","yellow-rumped warbler"
"wlswar","cardellina pusilla","wilson's warbler"
"norcar","cardinalis cardinalis","northern cardinal"
"reccar","paroaria coronata","red-crested cardinal"
"saffin","sicalis flaveola","saffron finch"
