"code","scientific_name","common_name"
NA,"rhea americana","greater rhea"
"higtin1","nothocercus bonapartei","highland tinamou"
NA,"tinamus major","great tinamou"
NA,"crypturellus soui","little tinamou"
NA,"crypturellus boucardi","slaty-breasted tinamou"
NA,"crypturellus cinnamomeus","thicket tinamou"
NA,"dendrocygna viduata","white-faced whistling-duck"
"bbwduc","dendrocygna autumnalis","black-bellied whistling-duck"
NA,"dendrocygna arborea","west indian whistling-duck"
"fuwduc","dendrocygna bicolor","fulvous whistling-duck"
NA,"anser indicus","bar-headed goose"
"empgoo","anser canagicus","emperor goose"
"snogoo","anser caerulescens","snow goose"
"rosgoo","anser rossii","ross's goose"
NA,"anser anser","graylag goose"
"gwfgoo","anser albifrons","greater white-fronted goose"
NA,"anser fabalis","taiga bean-goose"
NA,"anser brachyrhynchus","pink-footed goose"
"brant","branta bernicla","brant"
NA,"branta leucopsis","barnacle goose"
"cacgoo1","branta hutchinsii","cackling goose"
"cangoo","branta canadensis","canada goose"
NA,"branta ruficollis","red-breasted goose"
"mutswa","cygnus olor","mute swan"
"blkswa","cygnus atratus","black swan"
"blnswa2","cygnus melancoryphus","black-necked swan"
"truswa","cygnus buccinator","trumpeter swan"
"tunswa","cygnus columbianus","tundra swan"
"whoswa","cygnus cygnus","whooper swan"
"cosswa1","coscoroba coscoroba","coscoroba swan"
NA,"oressochen jubatus","orinoco goose"
"uplgoo1","chloephaga picta","upland goose"
"egygoo","alopochen aegyptiaca","egyptian goose"
"parshe1","tadorna variegata","paradise shelduck"
NA,"tadorna tadorna","common shelduck"
NA,"lophonetta specularioides","crested duck"
"musduc","cairina moschata","muscovy duck"
NA,"callonetta leucophrys","ringed teal"
"wooduc","aix sponsa","wood duck"
NA,"aix galericulata","mandarin duck"
NA,"spatula querquedula","garganey"
"siltea1","spatula versicolor","silver teal"
"buwtea","spatula discors","blue-winged teal"
"cintea","spatula cyanoptera","cinnamon teal"
"norsho","spatula clypeata","northern shoveler"
"gadwal","mareca strepera","gadwall"
NA,"mareca penelope","eurasian wigeon"
"amewig","mareca americana","american wigeon"
"chiwig1","mareca sibilatrix","chiloe wigeon"
"yebduc1","anas undulata","yellow-billed duck"
NA,"anas poecilorhyncha","indian spot-billed duck"
"spbduc","anas zonorhyncha","eastern spot-billed duck"
"mallar3","anas platyrhynchos","mallard"
"mexduc","anas diazi","mexican duck"
"ambduc","anas rubripes","american black duck"
"motduc","anas fulvigula","mottled duck"
"whcpin","anas bahamensis","white-cheeked pintail"
"norpin","anas acuta","northern pintail"
"yebpin1","anas georgica","yellow-billed pintail"
"gnwtea","anas crecca","green-winged teal"
NA,"netta rufina","red-crested pochard"
NA,"netta peposaca","rosy-billed pochard"
"canvas","aythya valisineria","canvasback"
"redhea","aythya americana","redhead"
NA,"aythya ferina","common pochard"
"rinduc","aythya collaris","ring-necked duck"
NA,"aythya nyroca","ferruginous duck"
NA,"aythya fuligula","tufted duck"
"gresca","aythya marila","greater scaup"
"lessca","aythya affinis","lesser scaup"
"steeid","polysticta stelleri","steller's eider"
"speeid","somateria fischeri","spectacled eider"
"kineid","somateria spectabilis","king eider"
"comeid","somateria mollissima","common eider"
"harduc","histrionicus histrionicus","harlequin duck"
"sursco","melanitta perspicillata","surf scoter"
"whwsco2","melanitta deglandi","white-winged scoter"
NA,"melanitta nigra","common scoter"
"blksco2","melanitta americana","black scoter"
"lotduc","clangula hyemalis","long-tailed duck"
"buffle","bucephala albeola","bufflehead"
"comgol","bucephala clangula","common goldeneye"
"bargol","bucephala islandica","barrow's goldeneye"
NA,"mergellus albellus","smew"
"hoomer","lophodytes cucullatus","hooded merganser"
"commer","mergus merganser","common merganser"
"rebmer","mergus serrator","red-breasted merganser"
NA,"nomonyx dominicus","masked duck"
"rudduc","oxyura jamaicensis","ruddy duck"
"placha","ortalis vetula","plain chachalaca"
"grhcha1","ortalis cinereiceps","gray-headed chachalaca"
NA,"ortalis ruficauda","rufous-vented chachalaca"
NA,"ortalis wagleri","rufous-bellied chachalaca"
NA,"ortalis poliocephala","west mexican chachalaca"
NA,"ortalis leucogastra","white-bellied chachalaca"
"cregua1","penelope purpurascens","crested guan"
NA,"chamaepetes unicolor","black guan"
NA,"penelopina nigra","highland guan"
NA,"crax rubra","great curassow"
NA,"rhynchortyx cinctus","tawny-faced quail"
"mouqua","oreortyx pictus","mountain quail"
NA,"dendrortyx leucophrys","buffy-crowned wood-partridge"
"norbob","colinus virginianus","northern bobwhite"
NA,"colinus nigrogularis","black-throated bobwhite"
NA,"colinus cristatus","crested bobwhite"
"scaqua","callipepla squamata","scaled quail"
"calqua","callipepla californica","california quail"
"gamqua","callipepla gambelii","gambel's quail"
"monqua","cyrtonyx montezumae","montezuma quail"
NA,"dactylortyx thoracicus","singing quail"
NA,"odontophorus melanotis","black-eared wood-quail"
NA,"odontophorus leucolaemus","black-breasted wood-quail"
"spwqua1","odontophorus guttatus","spotted wood-quail"
"wiltur","meleagris gallopavo","wild turkey"
"ocetur1","meleagris ocellata","ocellated turkey"
"rufgro","bonasa umbellus","ruffed grouse"
"saggro","centrocercus urophasianus","greater sage-grouse"
"gusgro","centrocercus minimus","gunnison sage-grouse"
"dusgro","dendragapus obscurus","dusky grouse"
"soogro1","dendragapus fuliginosus","sooty grouse"
"shtgro","tympanuchus phasianellus","sharp-tailed grouse"
"grpchi","tympanuchus cupido","greater prairie-chicken"
NA,"tympanuchus pallidicinctus","lesser prairie-chicken"
NA,"lagopus leucura","white-tailed ptarmigan"
"wilpta","lagopus lagopus","willow ptarmigan"
NA,"lagopus muta","rock ptarmigan"
"sprgro","canachites canadensis","spruce grouse"
"grypar","perdix perdix","gray partridge"
NA,"syrmaticus mikado","mikado pheasant"
"rinphe1","phasianus colchicus","ring-necked pheasant"
NA,"lophura leucomelanos","kalij pheasant"
"compea","pavo cristatus","indian peafowl"
NA,"gallus gallus","red junglefowl"
NA,"francolinus francolinus","black francolin"
NA,"tetraogallus himalayensis","himalayan snowcock"
NA,"coturnix coturnix","common quail"
"relpar1","alectoris rufa","red-legged partridge"
"chukar","alectoris chukar","chukar"
"chifla1","phoenicopterus chilensis","chilean flamingo"
"grefla2","phoenicopterus ruber","american flamingo"
"leagre","tachybaptus dominicus","least grebe"
"pibgre","podilymbus podiceps","pied-billed grebe"
"horgre","podiceps auritus","horned grebe"
"rengre","podiceps grisegena","red-necked grebe"
"eargre","podiceps nigricollis","eared grebe"
"wesgre","aechmophorus occidentalis","western grebe"
"clagre","aechmophorus clarkii","clark's grebe"
"rocpig","columba livia","rock pigeon"
"spepig1","columba guinea","speckled pigeon"
"cowpig1","columba palumbus","common wood-pigeon"
NA,"patagioenas cayennensis","pale-vented pigeon"
NA,"patagioenas speciosa","scaled pigeon"
"scnpig1","patagioenas squamosa","scaly-naped pigeon"
NA,"patagioenas corensis","bare-eyed pigeon"
"whcpig2","patagioenas leucocephala","white-crowned pigeon"
"rebpig1","patagioenas flavirostris","red-billed pigeon"
"batpig1","patagioenas fasciata","band-tailed pigeon"
NA,"patagioenas subvinacea","ruddy pigeon"
"shbpig","patagioenas nigrirostris","short-billed pigeon"
NA,"streptopelia turtur","european turtle-dove"
"ortdov","streptopelia orientalis","oriental turtle-dove"
"eucdov","streptopelia decaocto","eurasian collared-dove"
"rindov","streptopelia capicola","ring-necked dove"
"spodov","spilopelia chinensis","spotted dove"
"crepig1","ocyphaps lophotes","crested pigeon"
"incdov","columbina inca","inca dove"
"cogdov","columbina passerina","common ground dove"
NA,"columbina minuta","plain-breasted ground dove"
"rugdov","columbina talpacoti","ruddy ground dove"
NA,"claravis pretiosa","blue ground dove"
NA,"geotrygon montana","ruddy quail-dove"
"whtdov","leptotila verreauxi","white-tipped dove"
NA,"leptotila jamaicensis","caribbean dove"
NA,"leptotila cassinii","gray-chested dove"
NA,"leptotila plumbeiceps","gray-headed dove"
NA,"zentrygon costaricensis","buff-fronted quail-dove"
NA,"zentrygon lawrencii","purplish-backed quail-dove"
NA,"zentrygon albifacies","white-faced quail-dove"
NA,"zentrygon chiriquensis","chiriqui quail-dove"
"whwdov","zenaida asiatica","white-winged dove"
"zendov","zenaida aurita","zenaida dove"
"eardov1","zenaida auriculata","eared dove"
"moudov","zenaida macroura","mourning dove"
"greani1","crotophaga major","greater ani"
"smbani","crotophaga ani","smooth-billed ani"
"grbani","crotophaga sulcirostris","groove-billed ani"
NA,"tapera naevia","striped cuckoo"
NA,"morococcyx erythropygus","lesser ground-cuckoo"
"greroa","geococcyx californianus","greater roadrunner"
NA,"piaya cayana","squirrel cuckoo"
"yebcuc","coccyzus americanus","yellow-billed cuckoo"
"mancuc","coccyzus minor","mangrove cuckoo"
"bkbcuc","coccyzus erythropthalmus","black-billed cuckoo"
NA,"cuculus canorus","common cuckoo"
NA,"cuculus optatus","oriental cuckoo"
"lesnig","chordeiles acutipennis","lesser nighthawk"
"comnig","chordeiles minor","common nighthawk"
"antnig","chordeiles gundlachii","antillean nighthawk"
"compau","nyctidromus albicollis","common pauraque"
NA,"nyctiphrynus yucatanicus","yucatan poorwill"
"compoo","phalaenoptilus nuttallii","common poorwill"
"chwwid","antrostomus carolinensis","chuck-will's-widow"
NA,"antrostomus badius","yucatan nightjar"
NA,"antrostomus ridgwayi","buff-collared nightjar"
"easwpw1","antrostomus vociferus","eastern whip-poor-will"
NA,"antrostomus saturatus","dusky nightjar"
NA,"antrostomus arizonae","mexican whip-poor-will"
NA,"nyctibius griseus","common potoo"
"blkswi","cypseloides niger","black swift"
NA,"streptoprocne zonaris","white-collared swift"
NA,"chaetura cinereiventris","gray-rumped swift"
"chiswi","chaetura pelagica","chimney swift"
"vauswi","chaetura vauxi","vaux's swift"
NA,"chaetura brachyura","short-tailed swift"
NA,"hirundapus caudacutus","white-throated needletail"
NA,"tachymarptis melba","alpine swift"
NA,"apus apus","common swift"
NA,"apus pacificus","pacific swift"
NA,"apus affinis","little swift"
"whtswi","aeronautes saxatalis","white-throated swift"
NA,"panyptila cayennensis","lesser swallow-tailed swift"
NA,"panyptila sanctihieronymi","great swallow-tailed swift"
NA,"tachornis phoenicobia","antillean palm swift"
NA,"florisuga mellivora","white-necked jacobin"
NA,"eutoxeres aquila","white-tipped sicklebill"
NA,"glaucis hirsutus","rufous-breasted hermit"
NA,"threnetes ruckeri","band-tailed barbthroat"
NA,"phaethornis guy","green hermit"
NA,"phaethornis longirostris","long-billed hermit"
NA,"phaethornis striigularis","stripe-throated hermit"
NA,"colibri delphinae","brown violetear"
NA,"colibri thalassinus","mexican violetear"
NA,"colibri cyanotus","lesser violetear"
NA,"androdon aequatorialis","tooth-billed hummingbird"
NA,"anthracothorax nigricollis","black-throated mango"
"gnbman","anthracothorax prevostii","green-breasted mango"
NA,"anthracothorax veraguensis","veraguan mango"
NA,"eulampis holosericeus","green-throated carib"
NA,"haplophaedia aureliae","greenish puffleg"
"maghum1","eugenes fulgens","rivoli's hummingbird"
NA,"eugenes spectabilis","talamanca hummingbird"
NA,"heliomaster longirostris","long-billed starthroat"
NA,"heliomaster constantii","plain-capped starthroat"
NA,"panterpe insignis","fiery-throated hummingbird"
NA,"lampornis viridipallens","green-throated mountain-gem"
NA,"lampornis sybillae","green-breasted mountain-gem"
"buthum","lampornis clemenciae","blue-throated mountain-gem"
NA,"lampornis hemileucus","white-bellied mountain-gem"
NA,"lampornis castaneoventris","white-throated mountain-gem"
NA,"lamprolaima rhami","garnet-throated hummingbird"
NA,"tilmatura dupontii","sparkling-tailed hummingbird"
NA,"philodice bryantae","magenta-throated woodstar"
NA,"calothorax lucifer","lucifer hummingbird"
"rthhum","archilochus colubris","ruby-throated hummingbird"
"bkchum","archilochus alexandri","black-chinned hummingbird"
NA,"mellisuga minima","vervain hummingbird"
"annhum","calypte anna","anna's hummingbird"
"coshum","calypte costae","costa's hummingbird"
"calhum","selasphorus calliope","calliope hummingbird"
"rufhum","selasphorus rufus","rufous hummingbird"
"allhum","selasphorus sasin","allen's hummingbird"
"brthum","selasphorus platycercus","broad-tailed hummingbird"
NA,"selasphorus ellioti","wine-throated hummingbird"
NA,"selasphorus flammula","volcano hummingbird"
NA,"selasphorus scintilla","scintillant hummingbird"
NA,"riccordia ricordii","cuban emerald"
"brbhum","cynanthus latirostris","broad-billed hummingbird"
NA,"cynanthus doubledayi","turquoise-crowned hummingbird"
NA,"cynanthus canivetii","canivet's emerald"
NA,"basilinna leucotis","white-eared hummingbird"
NA,"basilinna xantusii","xantus's hummingbird"
NA,"pampa curvipennis","wedge-tailed sabrewing"
NA,"klais guimeti","violet-headed hummingbird"
NA,"abeillia abeillei","emerald-chinned hummingbird"
"viosab1","campylopterus hemileucurus","violet sabrewing"
NA,"chalybura urochrysia","bronze-tailed plumeleteer"
NA,"chalybura buffonii","white-vented plumeleteer"
NA,"thalurania colombica","crowned woodnymph"
NA,"eupherusa eximia","stripe-tailed hummingbird"
NA,"eupherusa nigriventris","black-bellied hummingbird"
"vichum","ramosomyia violiceps","violet-crowned hummingbird"
NA,"ramosomyia viridifrons","green-fronted hummingbird"
"azchum1","saucerottia cyanocephala","azure-crowned hummingbird"
NA,"saucerottia hoffmanni","blue-vented hummingbird"
"berhum","saucerottia beryllina","berylline hummingbird"
NA,"saucerottia cyanura","blue-tailed hummingbird"
NA,"saucerottia edward","snowy-bellied hummingbird"
"cinhum1","amazilia rutila","cinnamon hummingbird"
"bubhum","amazilia yucatanensis","buff-bellied hummingbird"
"rtlhum","amazilia tzacatl","rufous-tailed hummingbird"
NA,"chrysuronia humboldtii","humboldt's sapphire"
NA,"chlorestes candida","white-bellied emerald"
NA,"chlorestes eliciae","blue-throated goldentail"
NA,"chlorestes julie","violet-bellied hummingbird"
"ridrai1","rallus obsoletus","ridgway's rail"
"kinrai4","rallus elegans","king rail"
"clarai11","rallus crepitans","clapper rail"
"virrai","rallus limicola","virginia rail"
NA,"crex crex","corn crake"
NA,"amaurolimnas concolor","uniform crake"
NA,"aramides ypecaha","giant wood-rail"
NA,"aramides albiventris","russet-naped wood-rail"
NA,"aramides cajaneus","gray-cowled wood-rail"
"sora","porzana carolina","sora"
NA,"porzana porzana","spotted crake"
NA,"gallinula chloropus","eurasian moorhen"
"comgal1","gallinula galeata","common gallinule"
NA,"fulica atra","eurasian coot"
"y00475","fulica americana","american coot"
"purgal2","porphyrio martinica","purple gallinule"
"purswa3","porphyrio poliocephalus","gray-headed swamphen"
NA,"rufirallus schomburgkii","ocellated crake"
NA,"coturnicops noveboracensis","yellow rail"
NA,"laterallus ruber","ruddy crake"
NA,"laterallus albigularis","white-throated crake"
NA,"laterallus jamaicensis","black rail"
"limpki","aramus guarauna","limpkin"
NA,"balearica regulorum","gray crowned-crane"
"sancra","antigone canadensis","sandhill crane"
NA,"grus grus","common crane"
NA,"grus americana","whooping crane"
NA,"hesperoburhinus bistriatus","double-striped thick-knee"
NA,"himantopus himantopus","black-winged stilt"
"bknsti","himantopus mexicanus","black-necked stilt"
"ameavo","recurvirostra americana","american avocet"
"euroys1","haematopus ostralegus","eurasian oystercatcher"
"ameoys","haematopus palliatus","american oystercatcher"
"blkoys","haematopus bachmani","black oystercatcher"
"bkbplo","pluvialis squatarola","black-bellied plover"
"eugplo","pluvialis apricaria","european golden-plover"
"amgplo","pluvialis dominica","american golden-plover"
NA,"pluvialis fulva","pacific golden-plover"
NA,"eudromias morinellus","eurasian dotterel"
"killde","charadrius vociferus","killdeer"
NA,"charadrius hiaticula","common ringed plover"
"semplo","charadrius semipalmatus","semipalmated plover"
"pipplo","charadrius melodus","piping plover"
"lirplo","charadrius dubius","little ringed plover"
"norlap","vanellus vanellus","northern lapwing"
NA,"vanellus spinosus","spur-winged lapwing"
"soulap1","vanellus chilensis","southern lapwing"
NA,"anarhynchus leschenaultii","greater sand-plover"
"wilplo","anarhynchus wilsonia","wilson's plover"
NA,"anarhynchus collaris","collared plover"
NA,"anarhynchus montanus","mountain plover"
"snoplo5","anarhynchus nivosus","snowy plover"
NA,"anarhynchus alexandrinus","kentish plover"
"norjac","jacana spinosa","northern jacana"
"watjac1","jacana jacana","wattled jacana"
"uplsan","bartramia longicauda","upland sandpiper"
"brtcur","numenius tahitiensis","bristle-thighed curlew"
"whimbr","numenius phaeopus","whimbrel"
NA,"numenius minutus","little curlew"
"lobcur","numenius americanus","long-billed curlew"
NA,"numenius madagascariensis","far eastern curlew"
NA,"numenius arquata","eurasian curlew"
"batgod","limosa lapponica","bar-tailed godwit"
NA,"limosa limosa","black-tailed godwit"
"hudgod","limosa haemastica","hudsonian godwit"
"margod","limosa fedoa","marbled godwit"
"shbdow","limnodromus griseus","short-billed dowitcher"
"lobdow","limnodromus scolopaceus","long-billed dowitcher"
NA,"lymnocryptes minimus","jack snipe"
"amewoo","scolopax minor","american woodcock"
NA,"scolopax rusticola","eurasian woodcock"
NA,"gallinago gallinago","common snipe"
"wilsni1","gallinago delicata","wilson's snipe"
"wilpha","phalaropus tricolor","wilson's phalarope"
NA,"phalaropus lobatus","red-necked phalarope"
NA,"xenus cinereus","terek sandpiper"
"comsan","actitis hypoleucos","common sandpiper"
"sposan","actitis macularius","spotted sandpiper"
NA,"tringa ochropus","green sandpiper"
"solsan","tringa solitaria","solitary sandpiper"
NA,"tringa brevipes","gray-tailed tattler"
"wantat1","tringa incana","wandering tattler"
NA,"tringa stagnatilis","marsh sandpiper"
NA,"tringa glareola","wood sandpiper"
"comred1","tringa totanus","common redshank"
"lesyel","tringa flavipes","lesser yellowlegs"
"willet1","tringa semipalmata","willet"
NA,"tringa erythropus","spotted redshank"
NA,"tringa nebularia","common greenshank"
"greyel","tringa melanoleuca","greater yellowlegs"
"rudtur","arenaria interpres","ruddy turnstone"
"blktur","arenaria melanocephala","black turnstone"
NA,"calidris tenuirostris","great knot"
"redkno","calidris canutus","red knot"
"surfbi","calidris virgata","surfbird"
NA,"calidris pugnax","ruff"
NA,"calidris falcinellus","broad-billed sandpiper"
NA,"calidris acuminata","sharp-tailed sandpiper"
NA,"calidris ferruginea","curlew sandpiper"
"stisan","calidris himantopus","stilt sandpiper"
NA,"calidris temminckii","temminck's stint"
NA,"calidris subminuta","long-toed stint"
NA,"calidris ruficollis","red-necked stint"
NA,"calidris pygmaea","spoon-billed sandpiper"
"bubsan","calidris subruficollis","buff-breasted sandpiper"
"sander","calidris alba","sanderling"
"dunlin","calidris alpina","dunlin"
"pursan","calidris maritima","purple sandpiper"
"rocsan","calidris ptilocnemis","rock sandpiper"
"baisan","calidris bairdii","baird's sandpiper"
NA,"calidris minuta","little stint"
NA,"calidris fuscicollis","white-rumped sandpiper"
"leasan","calidris minutilla","least sandpiper"
"pecsan","calidris melanotos","pectoral sandpiper"
"wessan","calidris mauri","western sandpiper"
"semsan","calidris pusilla","semipalmated sandpiper"
NA,"glareola maldivarum","oriental pratincole"
NA,"stercorarius longicaudus","long-tailed jaeger"
"parjae","stercorarius parasiticus","parasitic jaeger"
"pomjae","stercorarius pomarinus","pomarine jaeger"
"marmur","brachyramphus marmoratus","marbled murrelet"
"piggui","cepphus columba","pigeon guillemot"
NA,"hydrocoloeus minutus","little gull"
NA,"rhodostethia rosea","ross's gull"
NA,"pagophila eburnea","ivory gull"
"sabgul","xema sabini","sabine's gull"
"bongul","chroicocephalus philadelphia","bonaparte's gull"
"silgul2","chroicocephalus novaehollandiae","silver gull"
NA,"chroicocephalus ridibundus","black-headed gull"
NA,"leucophaeus modestus","gray gull"
"laugul","leucophaeus atricilla","laughing gull"
"fragul","leucophaeus pipixcan","franklin's gull"
NA,"larus crassirostris","black-tailed gull"
"heegul","larus heermanni","heermann's gull"
NA,"larus canus","common gull"
"mewgul2","larus brachyrhynchus","short-billed gull"
"ribgul","larus delawarensis","ring-billed gull"
"wesgul","larus occidentalis","western gull"
"kelgul","larus dominicanus","kelp gull"
"hergul","larus argentatus","herring gull"
"yelgul1","larus michahellis","yellow-legged gull"
"gbbgul","larus marinus","great black-backed gull"
"glagul","larus hyperboreus","glaucous gull"
"lbbgul","larus fuscus","lesser black-backed gull"
"calgul","larus californicus","california gull"
"glwgul","larus glaucescens","glaucous-winged gull"
NA,"larus schistisagus","slaty-backed gull"
"y00478","larus glaucoides","iceland gull"
"blkski","rynchops niger","black skimmer"
"aleter1","onychoprion aleuticus","aleutian tern"
"leater1","sternula antillarum","least tern"
"caster1","hydroprogne caspia","caspian tern"
"blkter","chlidonias niger","black tern"
NA,"chlidonias leucopterus","white-winged tern"
"forter","sterna forsteri","forster's tern"
"arcter","sterna paradisaea","arctic tern"
"comter","sterna hirundo","common tern"
NA,"sterna dougallii","roseate tern"
"santer1","thalasseus sandvicensis","sandwich tern"
"eleter1","thalasseus elegans","elegant tern"
"royter1","thalasseus maximus","royal tern"
"retloo","gavia stellata","red-throated loon"
NA,"gavia arctica","arctic loon"
"pacloo","gavia pacifica","pacific loon"
"comloo","gavia immer","common loon"
NA,"gavia adamsii","yellow-billed loon"
"bkvshe","puffinus opisthomelas","black-vented shearwater"
NA,"ciconia maguari","maguari stork"
NA,"ciconia ciconia","white stork"
NA,"jabiru mycteria","jabiru"
"woosto","mycteria americana","wood stork"
"magfri","fregata magnificens","magnificent frigatebird"
"norgan","morus bassanus","northern gannet"
"perboo1","sula variegata","peruvian booby"
"anhing","anhinga anhinga","anhinga"
"bracor","urile penicillatus","brandt's cormorant"
NA,"urile urile","red-faced cormorant"
"pelcor","urile pelagicus","pelagic cormorant"
"grecor","phalacrocorax carbo","great cormorant"
"doccor","nannopterum auritum","double-crested cormorant"
"neocor","nannopterum brasilianum","neotropic cormorant"
"amwpel","pelecanus erythrorhynchos","american white pelican"
"brnpel","pelecanus occidentalis","brown pelican"
"perpel1","pelecanus thagus","peruvian pelican"
NA,"pelecanus onocrotalus","great white pelican"
NA,"tigrisoma lineatum","rufescent tiger-heron"
"btther1","tigrisoma mexicanum","bare-throated tiger-heron"
NA,"tigrisoma fasciatum","fasciated tiger-heron"
NA,"cochlearius cochlearius","boat-billed heron"
NA,"agamia agami","agami heron"
NA,"botaurus stellaris","great bittern"
"amebit","botaurus lentiginosus","american bittern"
"leabit","ixobrychus exilis","least bittern"
NA,"ixobrychus minutus","little bittern"
NA,"ixobrychus sinensis","yellow bittern"
"ycnher","nyctanassa violacea","yellow-crowned night heron"
"bcnher","nycticorax nycticorax","black-crowned night heron"
NA,"syrigma sibilatrix","whistling heron"
"libher","egretta caerulea","little blue heron"
"triher","egretta tricolor","tricolored heron"
"redegr","egretta rufescens","reddish egret"
NA,"egretta eulophotes","chinese egret"
"snoegr","egretta thula","snowy egret"
NA,"egretta garzetta","little egret"
NA,"egretta gularis","western reef-heron"
NA,"butorides striata","striated heron"
"grnher","butorides virescens","green heron"
NA,"ardeola ralloides","squacco heron"
NA,"ardeola bacchus","chinese pond-heron"
"greegr","ardea alba","great egret"
NA,"ardea cinerea","gray heron"
"grbher3","ardea herodias","great blue heron"
NA,"ardea cocoi","cocoi heron"
NA,"ardea purpurea","purple heron"
"whiibi","eudocimus albus","white ibis"
"gloibi","plegadis falcinellus","glossy ibis"
"whfibi","plegadis chihi","white-faced ibis"
NA,"mesembrinibis cayennensis","green ibis"
NA,"phimosus infuscatus","bare-faced ibis"
NA,"platalea leucorodia","eurasian spoonbill"
"rosspo1","platalea ajaja","roseate spoonbill"
NA,"gymnogyps californianus","california condor"
"kinvul1","sarcoramphus papa","king vulture"
"blkvul","coragyps atratus","black vulture"
"turvul","cathartes aura","turkey vulture"
"lyhvul1","cathartes burrovianus","lesser yellow-headed vulture"
"osprey","pandion haliaetus","osprey"
"whtkit","elanus leucurus","white-tailed kite"
NA,"chondrohierax uncinatus","hook-billed kite"
NA,"leptodon cayanensis","gray-headed kite"
"swtkit","elanoides forficatus","swallow-tailed kite"
NA,"spizaetus tyrannus","black hawk-eagle"
NA,"spizaetus ornatus","ornate hawk-eagle"
NA,"spizaetus melanoleucus","black-and-white hawk-eagle"
"goleag","aquila chrysaetos","golden eagle"
"snakit","rostrhamus sociabilis","snail kite"
NA,"harpagus bidentatus","double-toothed kite"
"miskit","ictinia mississippiensis","mississippi kite"
NA,"ictinia plumbea","plumbeous kite"
NA,"circus aeruginosus","western marsh harrier"
NA,"circus buffoni","long-winged harrier"
NA,"circus cyaneus","hen harrier"
"norhar2","circus hudsonius","northern harrier"
NA,"accipiter soloensis","chinese sparrowhawk"
NA,"accipiter nisus","eurasian sparrowhawk"
"shshaw","accipiter striatus","sharp-shinned hawk"
"coohaw","accipiter cooperii","cooper's hawk"
NA,"accipiter bicolor","bicolored hawk"
"norgos","accipiter atricapillus","american goshawk"
"blakit1","milvus migrans","black kite"
"baleag","haliaeetus leucocephalus","bald eagle"
NA,"geranospiza caerulescens","crane hawk"
NA,"cryptoleucopteryx plumbea","plumbeous hawk"
"comblh1","buteogallus anthracinus","common black hawk"
NA,"buteogallus meridionalis","savanna hawk"
NA,"buteogallus urubitinga","great black hawk"
NA,"morphnarchus princeps","barred hawk"
"roahaw","rupornis magnirostris","roadside hawk"
"hrshaw","parabuteo unicinctus","harris's hawk"
"whthaw","geranoaetus albicaudatus","white-tailed hawk"
"rebhaw2","geranoaetus polyosoma","variable hawk"
NA,"pseudastur albicollis","white hawk"
NA,"leucopternis semiplumbeus","semiplumbeous hawk"
"gryhaw2","buteo plagiatus","gray hawk"
NA,"buteo nitidus","gray-lined hawk"
"reshaw","buteo lineatus","red-shouldered hawk"
"brwhaw","buteo platypterus","broad-winged hawk"
"shthaw","buteo brachyurus","short-tailed hawk"
"swahaw","buteo swainsoni","swainson's hawk"
"zothaw","buteo albonotatus","zone-tailed hawk"
"rethaw","buteo jamaicensis","red-tailed hawk"
"rolhaw","buteo lagopus","rough-legged hawk"
"ferhaw","buteo regalis","ferruginous hawk"
"brnowl","tyto alba","barn owl"
"flaowl","psiloscops flammeolus","flammulated owl"
NA,"megascops trichopsis","whiskered screech-owl"
NA,"megascops barbarus","bearded screech-owl"
NA,"megascops cooperi","pacific screech-owl"
"wesowl1","megascops kennicottii","western screech-owl"
"easowl1","megascops asio","eastern screech-owl"
NA,"pulsatrix perspicillata","spectacled owl"
"snoowl1","bubo scandiacus","snowy owl"
"grhowl","bubo virginianus","great horned owl"
"nohowl","surnia ulula","northern hawk owl"
"nopowl","glaucidium gnoma","northern pygmy-owl"
NA,"glaucidium costaricanum","costa rican pygmy-owl"
NA,"glaucidium griseiceps","central american pygmy-owl"
"fepowl","glaucidium brasilianum","ferruginous pygmy-owl"
"burowl","athene cunicularia","burrowing owl"
NA,"strix virgata","mottled owl"
NA,"strix nigrolineata","black-and-white owl"
"spoowl","strix occidentalis","spotted owl"
"brdowl","strix varia","barred owl"
NA,"strix fulvescens","fulvous owl"
"loeowl","asio otus","long-eared owl"
"sheowl","asio flammeus","short-eared owl"
"nswowl","aegolius acadicus","northern saw-whet owl"
NA,"aegolius ridgwayi","unspotted saw-whet owl"
NA,"pharomachrus auriceps","golden-headed quetzal"
NA,"pharomachrus mocinno","resplendent quetzal"
NA,"trogon clathratus","lattice-tailed trogon"
NA,"trogon massena","slaty-tailed trogon"
"blhtro1","trogon melanocephalus","black-headed trogon"
NA,"trogon citreolus","citreoline trogon"
NA,"trogon bairdii","baird's trogon"
"gartro1","trogon caligatus","gartered trogon"
"eletro","trogon elegans","elegant trogon"
NA,"trogon mexicanus","mountain trogon"
NA,"trogon collaris","collared trogon"
NA,"upupa epops","eurasian hoopoe"
NA,"anthracoceros albirostris","oriental pied-hornbill"
NA,"todus mexicanus","puerto rican tody"
NA,"hylomanes momotula","tody motmot"
NA,"aspatha gularis","blue-throated motmot"
NA,"momotus mexicanus","russet-crowned motmot"
NA,"momotus coeruliceps","blue-capped motmot"
"bucmot2","momotus lessonii","lesson's motmot"
NA,"momotus subrufescens","whooping motmot"
NA,"baryphthengus martii","rufous motmot"
NA,"electron carinatum","keel-billed motmot"
NA,"electron platyrhynchum","broad-billed motmot"
"tubmot1","eumomota superciliosa","turquoise-browed motmot"
"comkin1","alcedo atthis","common kingfisher"
"laukoo1","dacelo novaeguineae","laughing kookaburra"
"rinkin1","megaceryle torquata","ringed kingfisher"
"belkin1","megaceryle alcyon","belted kingfisher"
NA,"chloroceryle amazona","amazon kingfisher"
NA,"chloroceryle aenea","american pygmy kingfisher"
"grnkin","chloroceryle americana","green kingfisher"
NA,"chloroceryle inda","green-and-rufous kingfisher"
"eubeat1","merops apiaster","european bee-eater"
NA,"coracias caudatus","lilac-breasted roller"
NA,"notharchus pectoralis","black-breasted puffbird"
NA,"nystalus radiatus","barred puffbird"
NA,"nonnula frontalis","gray-cheeked nunlet"
NA,"brachygalba salmoni","dusky-backed jacamar"
NA,"galbula ruficauda","rufous-tailed jacamar"
NA,"jacamerops aureus","great jacamar"
NA,"capito maculicoronatus","spot-crowned barbet"
"rehbar1","eubucco bourcierii","red-headed barbet"
NA,"semnornis frantzii","prong-billed barbet"
"noremt1","aulacorhynchus prasinus","northern emerald-toucanet"
NA,"pteroglossus torquatus","collared aracari"
NA,"selenidera spectabilis","yellow-eared toucanet"
NA,"ramphastos ambiguus","yellow-throated toucan"
"kebtou1","ramphastos sulfuratus","keel-billed toucan"
NA,"jynx torquilla","eurasian wryneck"
"wilsap","sphyrapicus thyroideus","williamson's sapsucker"
"yebsap","sphyrapicus varius","yellow-bellied sapsucker"
"rensap","sphyrapicus nuchalis","red-naped sapsucker"
"rebsap","sphyrapicus ruber","red-breasted sapsucker"
"lewwoo","melanerpes lewis","lewis's woodpecker"
NA,"melanerpes portoricensis","puerto rican woodpecker"
"rehwoo","melanerpes erythrocephalus","red-headed woodpecker"
"acowoo","melanerpes formicivorus","acorn woodpecker"
NA,"melanerpes chrysauchen","golden-naped woodpecker"
NA,"melanerpes pucherani","black-cheeked woodpecker"
NA,"melanerpes striatus","hispaniolan woodpecker"
"gocwoo1","melanerpes chrysogenys","golden-cheeked woodpecker"
NA,"melanerpes pygmaeus","yucatan woodpecker"
"recwoo1","melanerpes rubricapillus","red-crowned woodpecker"
"gilwoo","melanerpes uropygialis","gila woodpecker"
NA,"melanerpes hoffmannii","hoffmann's woodpecker"
"gofwoo","melanerpes aurifrons","golden-fronted woodpecker"
"rebwoo","melanerpes carolinus","red-bellied woodpecker"
NA,"melanerpes superciliaris","west indian woodpecker"
"attwoo1","picoides dorsalis","american three-toed woodpecker"
"bkbwoo","picoides arcticus","black-backed woodpecker"
NA,"dendrocopos major","great spotted woodpecker"
"dowwoo","dryobates pubescens","downy woodpecker"
"nutwoo","dryobates nuttallii","nuttall's woodpecker"
"labwoo","dryobates scalaris","ladder-backed woodpecker"
"recwoo","dryobates borealis","red-cockaded woodpecker"
"haiwoo","dryobates villosus","hairy woodpecker"
"whhwoo","dryobates albolarvatus","white-headed woodpecker"
NA,"dryobates fumigatus","smoky-brown woodpecker"
"ariwoo","dryobates arizonae","arizona woodpecker"
NA,"dryobates kirkii","red-rumped woodpecker"
NA,"campephilus melanoleucos","crimson-crested woodpecker"
NA,"campephilus guatemalensis","pale-billed woodpecker"
"linwoo1","dryocopus lineatus","lineated woodpecker"
"pilwoo","dryocopus pileatus","pileated woodpecker"
NA,"celeus loricatus","cinnamon woodpecker"
NA,"celeus castaneus","chestnut-colored woodpecker"
NA,"piculus simplex","rufous-winged woodpecker"
NA,"piculus callopterus","stripe-cheeked woodpecker"
NA,"piculus chrysochloros","golden-green woodpecker"
NA,"colaptes rubiginosus","golden-olive woodpecker"
"norfli","colaptes auratus","northern flicker"
"gilfli","colaptes chrysoides","gilded flicker"
NA,"herpetotheres cachinnans","laughing falcon"
NA,"micrastur semitorquatus","collared forest-falcon"
NA,"micrastur mirandollei","slaty-backed forest-falcon"
NA,"micrastur ruficollis","barred forest-falcon"
"y00678","caracara plancus","crested caracara"
NA,"ibycter americanus","red-throated caracara"
"yehcar1","daptrius chimachima","yellow-headed caracara"
"eurkes","falco tinnunculus","eurasian kestrel"
"amekes","falco sparverius","american kestrel"
NA,"falco vespertinus","red-footed falcon"
"merlin","falco columbarius","merlin"
"aplfal","falco femoralis","aplomado falcon"
NA,"falco rufigularis","bat falcon"
"perfal","falco peregrinus","peregrine falcon"
"prafal","falco mexicanus","prairie falcon"
"cockat","nymphicus hollandicus","cockatiel"
"galah","eolophus roseicapilla","galah"
"litcor2","cacatua sanguinea","little corella"
"succoc","cacatua galerita","sulphur-crested cockatoo"
"alepar2","psittacula eupatria","alexandrine parakeet"
NA,"psittacula krameri","rose-ringed parakeet"
"plhpar1","psittacula cyanocephala","plum-headed parakeet"
NA,"psittacula columboides","malabar parakeet"
"criros2","platycercus elegans","crimson rosella"
"easros1","platycercus eximius","eastern rosella"
"rerpar1","psephotus haematonotus","red-rumped parrot"
"budger","melopsittacus undulatus","budgerigar"
"litlor1","parvipsitta pusilla","little lorikeet"
"railor5","trichoglossus moluccanus","rainbow lorikeet"
NA,"agapornis roseicollis","rosy-faced lovebird"
NA,"touit costaricensis","red-fronted parrotlet"
NA,"bolborhynchus lineola","barred parakeet"
"monpar","myiopsitta monachus","monk parakeet"
"whwpar","brotogeris versicolurus","white-winged parakeet"
"yecpar","brotogeris chiriri","yellow-chevroned parakeet"
"orcpar","brotogeris jugularis","orange-chinned parakeet"
"brhpar1","pyrilia haematotis","brown-hooded parrot"
NA,"pyrilia pyrilia","saffron-headed parrot"
NA,"pionus maximiliani","scaly-headed parrot"
"blhpar1","pionus menstruus","blue-headed parrot"
"whcpar","pionus senilis","white-crowned parrot"
NA,"amazona viridigenalis","red-crowned parrot"
NA,"amazona finschi","lilac-crowned parrot"
"relpar","amazona autumnalis","red-lored parrot"
NA,"amazona auropalliata","yellow-naped parrot"
NA,"amazona ochrocephala","yellow-crowned parrot"
NA,"amazona aestiva","turquoise-fronted parrot"
"whfpar1","amazona albifrons","white-fronted parrot"
NA,"amazona xantholora","yellow-lored parrot"
"meapar","amazona farinosa","mealy parrot"
NA,"amazona amazonica","orange-winged parrot"
NA,"forpus passerinus","green-rumped parrotlet"
NA,"pyrrhura picta","painted parakeet"
NA,"pyrrhura hoffmanni","sulphur-winged parakeet"
NA,"rhynchopsitta terrisi","maroon-fronted parrot"
"oltpar1","eupsittula nana","olive-throated parakeet"
"orfpar","eupsittula canicularis","orange-fronted parakeet"
NA,"eupsittula pertinax","brown-throated parakeet"
"bkhpar","aratinga nenday","nanday parakeet"
"baymac","ara ararauna","blue-and-yellow macaw"
NA,"ara severus","chestnut-fronted macaw"
NA,"ara ambiguus","great green macaw"
"scamac1","ara macao","scarlet macaw"
NA,"ara chloropterus","red-and-green macaw"
NA,"thectocercus acuticaudatus","blue-crowned parakeet"
"grnpar","psittacara holochlorus","green parakeet"
NA,"psittacara strenuus","pacific parakeet"
NA,"psittacara finschi","crimson-fronted parakeet"
NA,"psittacara mitratus","mitred parakeet"
NA,"psittacara erythrogenys","red-masked parakeet"
NA,"psittacara leucophthalmus","white-eyed parakeet"
NA,"sapayoa aenigma","sapayoa"
NA,"euchrepomis callinota","rufous-rumped antwren"
NA,"cymbilaimus lineatus","fasciated antshrike"
NA,"taraba major","great antshrike"
NA,"thamnophilus doliatus","barred antshrike"
NA,"thamnophilus atrinucha","black-crowned antshrike"
NA,"thamnophilus nigriceps","black antshrike"
NA,"thamnistes anabatinus","russet antshrike"
NA,"dysithamnus puncticeps","spot-crowned antvireo"
NA,"epinecrophylla fulviventris","checker-throated stipplethroat"
NA,"myrmotherula pacifica","pacific antwren"
NA,"myrmotherula axillaris","white-flanked antwren"
"slaant1","myrmotherula schisticolor","slaty antwren"
NA,"cercomacroides tyrannina","dusky antbird"
NA,"cercomacra nigricans","jet antbird"
NA,"gymnocichla nudiceps","bare-crowned antbird"
NA,"myrmeciza longipes","white-bellied antbird"
NA,"sipia laemosticta","dull-mantled antbird"
NA,"hafferia zeledoni","zeledon's antbird"
NA,"myrmornis torquata","wing-banded antbird"
NA,"gymnopithys bicolor","bicolored antbird"
NA,"hylophylax naevioides","spotted antbird"
NA,"phaenostictus mcleannani","ocellated antbird"
NA,"pittasoma michleri","black-crowned antpitta"
NA,"myrmothera dives","thicket antpitta"
NA,"grallaricula flavirostris","ochre-breasted antpitta"
NA,"scytalopus argentifrons","silvery-fronted tapaculo"
NA,"formicarius moniliger","mayan antthrush"
NA,"formicarius analis","black-faced antthrush"
NA,"formicarius nigricapillus","black-headed antthrush"
NA,"formicarius rufipectus","rufous-breasted antthrush"
NA,"sittasomus griseicapillus","olivaceous woodcreeper"
"rudwoo1","dendrocincla homochroa","ruddy woodcreeper"
NA,"dendrocincla fuliginosa","plain-brown woodcreeper"
NA,"glyphorynchus spirurus","wedge-billed woodcreeper"
NA,"dendrocolaptes sanctithomae","northern barred-woodcreeper"
NA,"dendrocolaptes picumnus","black-banded woodcreeper"
NA,"xiphocolaptes promeropirhynchus","strong-billed woodcreeper"
NA,"xiphorhynchus susurrans","cocoa woodcreeper"
"ivbwoo1","xiphorhynchus flavigaster","ivory-billed woodcreeper"
"spowoo1","xiphorhynchus erythropygius","spotted woodcreeper"
NA,"dendroplex picus","straight-billed woodcreeper"
NA,"campylorhamphus pusillus","brown-billed scythebill"
"sthwoo1","lepidocolaptes souleyetii","streak-headed woodcreeper"
NA,"lepidocolaptes affinis","spot-crowned woodcreeper"
NA,"xenops minutus","plain xenops"
NA,"philydor fuscipenne","slaty-winged foliage-gleaner"
NA,"clibanornis rubiginosus","ruddy foliage-gleaner"
NA,"thripadectes rufobrunneus","streak-breasted treehunter"
NA,"automolus ochrolaemus","ochre-throated foliage-gleaner"
NA,"premnoplex brunnescens","spotted barbtail"
NA,"margarornis rubiginosus","ruddy treerunner"
NA,"xenerpestes minlosi","double-banded graytail"
NA,"synallaxis albescens","pale-breasted spinetail"
NA,"synallaxis erythrothorax","rufous-breasted spinetail"
NA,"chiroxiphia lanceolata","lance-tailed manakin"
"lotman1","chiroxiphia linearis","long-tailed manakin"
NA,"corapipo altera","white-ruffed manakin"
"whcman1","manacus candei","white-collared manakin"
NA,"manacus vitellinus","golden-collared manakin"
NA,"pseudopipra pipra","white-crowned manakin"
NA,"ceratopipra mentalis","red-capped manakin"
NA,"querula purpurata","purple-throated fruitcrow"
NA,"cotinga nattererii","blue cotinga"
NA,"lipaugus unirufus","rufous piha"
NA,"procnias tricarunculatus","three-wattled bellbird"
NA,"carpodectes hopkei","black-tipped cotinga"
NA,"carpodectes nitidus","snowy cotinga"
NA,"tityra inquisitor","black-crowned tityra"
NA,"tityra semifasciata","masked tityra"
NA,"schiffornis veraepacis","northern schiffornis"
NA,"schiffornis stenorhyncha","russet-winged schiffornis"
NA,"pachyramphus cinnamomeus","cinnamon becard"
NA,"pachyramphus polychopterus","white-winged becard"
NA,"pachyramphus major","gray-collared becard"
"rotbec","pachyramphus aglaiae","rose-throated becard"
NA,"onychorhynchus coronatus","tropical royal flycatcher"
NA,"terenotriccus erythrurus","ruddy-tailed flycatcher"
NA,"myiobius villosus","tawny-breasted flycatcher"
NA,"myiobius sulphureipygius","sulphur-rumped flycatcher"
NA,"platyrinchus cancrominus","stub-tailed spadebill"
NA,"platyrinchus coronatus","golden-crowned spadebill"
NA,"mionectes galbinus","olive-striped flycatcher"
NA,"mionectes oleagineus","ochre-bellied flycatcher"
NA,"leptopogon amaurocephalus","sepia-capped flycatcher"
NA,"leptopogon superciliaris","slaty-capped flycatcher"
NA,"pseudotriccus pelzelni","bronze-olive pygmy-tyrant"
NA,"myiornis atricapillus","black-capped pygmy-tyrant"
NA,"lophotriccus pileatus","scale-crested pygmy-tyrant"
NA,"oncostoma cinereigulare","northern bentbill"
NA,"poecilotriccus sylvia","slate-headed tody-flycatcher"
NA,"todirostrum cinereum","common tody-flycatcher"
NA,"todirostrum nigriceps","black-headed tody-flycatcher"
NA,"cnipodectes subbrunneus","brownish twistwing"
NA,"rhynchocyclus brevirostris","eye-ringed flatbill"
NA,"tolmomyias sulphurescens","yellow-olive flatbill"
NA,"ornithion brunneicapillus","brown-capped tyrannulet"
"nobtyr","camptostoma imberbe","northern beardless-tyrannulet"
NA,"camptostoma obsoletum","southern beardless-tyrannulet"
NA,"capsiempis flaveola","yellow tyrannulet"
NA,"tyrannulus elatus","yellow-crowned tyrannulet"
NA,"myiopagis gaimardii","forest elaenia"
NA,"myiopagis viridicata","greenish elaenia"
"yebela1","elaenia flavogaster","yellow-bellied elaenia"
NA,"elaenia parvirostris","small-billed elaenia"
"whcela1","elaenia albiceps","white-crested elaenia"
"mouela1","elaenia frantzii","mountain elaenia"
"carela1","elaenia martinica","caribbean elaenia"
"paltyr3","zimmerius parvus","mistletoe tyrannulet"
NA,"myiophobus fasciatus","bran-colored flycatcher"
NA,"aphanotriccus audax","black-billed flycatcher"
NA,"mitrephanes phaeocercus","tufted flycatcher"
"olsfly","contopus cooperi","olive-sided flycatcher"
"grepew","contopus pertinax","greater pewee"
NA,"contopus lugubris","dark pewee"
"wewpew","contopus sordidulus","western wood-pewee"
"eawpew","contopus virens","eastern wood-pewee"
NA,"contopus caribaeus","cuban pewee"
"yebfly","empidonax flaviventris","yellow-bellied flycatcher"
"acafly","empidonax virescens","acadian flycatcher"
"aldfly","empidonax alnorum","alder flycatcher"
"wilfly","empidonax traillii","willow flycatcher"
"leafly","empidonax minimus","least flycatcher"
"hamfly","empidonax hammondii","hammond's flycatcher"
"gryfly","empidonax wrightii","gray flycatcher"
"dusfly","empidonax oberholseri","dusky flycatcher"
"wesfly","empidonax difficilis","western flycatcher"
NA,"empidonax flavescens","yellowish flycatcher"
NA,"empidonax fulvifrons","buff-breasted flycatcher"
NA,"empidonax atriceps","black-capped flycatcher"
"blkpho","sayornis nigricans","black phoebe"
"easpho","sayornis phoebe","eastern phoebe"
"saypho","sayornis saya","say's phoebe"
NA,"sublegatus arenarum","northern scrub-flycatcher"
"verfly","pyrocephalus rubinus","vermilion flycatcher"
NA,"fluvicola pica","pied water-tyrant"
NA,"colonia colonus","long-tailed tyrant"
NA,"attila spadiceus","bright-rumped attila"
NA,"rhytipterna holerythra","rufous mourner"
NA,"myiarchus yucatanensis","yucatan flycatcher"
"ducfly","myiarchus tuberculifer","dusky-capped flycatcher"
NA,"myiarchus panamensis","panama flycatcher"
"astfly","myiarchus cinerascens","ash-throated flycatcher"
NA,"myiarchus nuttingi","nutting's flycatcher"
"grcfly","myiarchus crinitus","great crested flycatcher"
"bncfly","myiarchus tyrannulus","brown-crested flycatcher"
NA,"myiarchus sagrae","la sagra's flycatcher"
NA,"myiarchus antillarum","puerto rican flycatcher"
NA,"machetornis rixosa","cattle tyrant"
NA,"philohydor lictor","lesser kiskadee"
"grekis","pitangus sulphuratus","great kiskadee"
NA,"megarynchus pitangua","boat-billed flycatcher"
NA,"myiozetetes cayanensis","rusty-margined flycatcher"
"socfly1","myiozetetes similis","social flycatcher"
NA,"myiozetetes granadensis","gray-capped flycatcher"
"strfly1","myiodynastes maculatus","streaked flycatcher"
"subfly","myiodynastes luteiventris","sulphur-bellied flycatcher"
NA,"legatus leucophaius","piratic flycatcher"
NA,"empidonomus aurantioatrocristatus","crowned slaty flycatcher"
"trokin","tyrannus melancholicus","tropical kingbird"
"coukin","tyrannus couchii","couch's kingbird"
"caskin","tyrannus vociferans","cassin's kingbird"
"thbkin","tyrannus crassirostris","thick-billed kingbird"
"weskin","tyrannus verticalis","western kingbird"
"easkin","tyrannus tyrannus","eastern kingbird"
"grykin","tyrannus dominicensis","gray kingbird"
NA,"tyrannus caudifasciatus","loggerhead kingbird"
"sctfly","tyrannus forficatus","scissor-tailed flycatcher"
"fotfly","tyrannus savana","fork-tailed flycatcher"
NA,"cyclarhis gujanensis","rufous-browed peppershrike"
NA,"hylophilus flavipes","scrub greenlet"
NA,"vireolanius melitophrys","chestnut-sided shrike-vireo"
NA,"vireolanius pulchellus","green shrike-vireo"
NA,"tunchiornis ochraceiceps","tawny-crowned greenlet"
"lesgre1","pachysylvia decurtata","lesser greenlet"
NA,"vireo hypochryseus","golden vireo"
"bkcvir1","vireo atricapilla","black-capped vireo"
"whevir","vireo griseus","white-eyed vireo"
NA,"vireo crassirostris","thick-billed vireo"
NA,"vireo pallens","mangrove vireo"
"belvir","vireo bellii","bell's vireo"
"gryvir","vireo vicinior","gray vireo"
"hutvir","vireo huttoni","hutton's vireo"
"yetvir","vireo flavifrons","yellow-throated vireo"
NA,"vireo carmioli","yellow-winged vireo"
"casvir","vireo cassinii","cassin's vireo"
"buhvir","vireo solitarius","blue-headed vireo"
"plsvir","vireo plumbeus","plumbeous vireo"
"phivir","vireo philadelphicus","philadelphia vireo"
"warvir","vireo gilvus","warbling vireo"
NA,"vireo leucophrys","brown-capped vireo"
"reevir1","vireo olivaceus","red-eyed vireo"
NA,"vireo flavoviridis","yellow-green vireo"
"bkwvir","vireo altiloquus","black-whiskered vireo"
NA,"vireo magister","yucatan vireo"
"rebshr1","lanius collurio","red-backed shrike"
"brnshr","lanius cristatus","brown shrike"
"logshr","lanius ludovicianus","loggerhead shrike"
"norshr4","lanius borealis","northern shrike"
"gryjay","perisoreus canadensis","canada jay"
NA,"cyanolyca pumilo","black-throated jay"
NA,"cyanolyca argentigula","silvery-throated jay"
NA,"cyanolyca cucullata","azure-hooded jay"
NA,"calocitta colliei","black-throated magpie-jay"
"wtmjay1","calocitta formosa","white-throated magpie-jay"
"brnjay","psilorhinus morio","brown jay"
"blcjay1","cyanocorax affinis","black-chested jay"
"grnjay","cyanocorax yncas","green jay"
NA,"cyanocorax melanocyaneus","bushy-crested jay"
NA,"cyanocorax yucatanicus","yucatan jay"
"pinjay","gymnorhinus cyanocephalus","pinyon jay"
"stejay","cyanocitta stelleri","steller's jay"
"blujay","cyanocitta cristata","blue jay"
"flsjay","aphelocoma coerulescens","florida scrub-jay"
NA,"aphelocoma insularis","island scrub-jay"
"cowscj1","aphelocoma californica","california scrub-jay"
"wooscj2","aphelocoma woodhouseii","woodhouse's scrub-jay"
"mexjay4","aphelocoma wollweberi","mexican jay"
"eurjay1","garrulus glandarius","eurasian jay"
NA,"cyanopica cyanus","azure-winged magpie"
NA,"urocissa erythroryncha","red-billed blue-magpie"
"eurmag1","pica pica","eurasian magpie"
"bkbmag1","pica hudsonia","black-billed magpie"
"yebmag","pica nuttalli","yellow-billed magpie"
"clanut","nucifraga columbiana","clark's nutcracker"
NA,"corvus monedula","eurasian jackdaw"
"houcro1","corvus splendens","house crow"
NA,"corvus frugilegus","rook"
"amecro","corvus brachyrhynchos","american crow"
NA,"corvus sinaloae","sinaloa crow"
"fiscro","corvus ossifragus","fish crow"
"chirav","corvus cryptoleucus","chihuahuan raven"
NA,"corvus cornix","hooded crow"
NA,"corvus albus","pied crow"
"comrav","corvus corax","common raven"
"carchi","poecile carolinensis","carolina chickadee"
"bkcchi","poecile atricapillus","black-capped chickadee"
"mouchi","poecile gambeli","mountain chickadee"
"mexchi","poecile sclateri","mexican chickadee"
"chbchi","poecile rufescens","chestnut-backed chickadee"
"borchi2","poecile hudsonicus","boreal chickadee"
NA,"poecile cinctus","gray-headed chickadee"
"blutit","cyanistes caeruleus","eurasian blue tit"
"britit","baeolophus wollweberi","bridled titmouse"
"oaktit","baeolophus inornatus","oak titmouse"
"juntit1","baeolophus ridgwayi","juniper titmouse"
"tuftit","baeolophus bicolor","tufted titmouse"
"blctit4","baeolophus atricristatus","black-crested titmouse"
"gretit1","parus major","great tit"
"gretit4","parus minor","japanese tit"
"verdin","auriparus flaviceps","verdin"
"horlar","eremophila alpestris","horned lark"
NA,"alauda arvensis","eurasian skylark"
NA,"hippolais icterina","icterine warbler"
NA,"acrocephalus schoenobaenus","sedge warbler"
"blrwar1","acrocephalus dumetorum","blyth's reed warbler"
NA,"locustella fluviatilis","river warbler"
"banswa","riparia riparia","bank swallow"
"treswa","tachycineta bicolor","tree swallow"
NA,"tachycineta albiventer","white-winged swallow"
"manswa1","tachycineta albilinea","mangrove swallow"
"vigswa","tachycineta thalassina","violet-green swallow"
"purmar","progne subis","purple martin"
NA,"progne dominicensis","caribbean martin"
NA,"progne chalybea","gray-breasted martin"
NA,"progne elegans","southern martin"
"brcmar1","progne tapera","brown-chested martin"
"nrwswa","stelgidopteryx serripennis","northern rough-winged swallow"
NA,"stelgidopteryx ruficollis","southern rough-winged swallow"
NA,"atticora pileata","black-capped swallow"
"bawswa1","pygochelidon cyanoleuca","blue-and-white swallow"
"barswa","hirundo rustica","barn swallow"
"cliswa","petrochelidon pyrrhonota","cliff swallow"
"cavswa","petrochelidon fulva","cave swallow"
NA,"spizixos semitorques","collared finchbill"
NA,"pycnonotus jocosus","red-whiskered bulbul"
"revbul","pycnonotus cafer","red-vented bulbul"
NA,"phylloscopus sibilatrix","wood warbler"
NA,"phylloscopus inornatus","yellow-browed warbler"
NA,"phylloscopus proregulus","pallas's leaf warbler"
NA,"phylloscopus fuscatus","dusky warbler"
"wlwwar","phylloscopus trochilus","willow warbler"
"comchi1","phylloscopus collybita","common chiffchaff"
NA,"phylloscopus borealis","arctic warbler"
NA,"phylloscopus examinandus","kamchatka leaf warbler"
"bushti","psaltriparus minimus","bushtit"
"leswhi4","curruca curruca","lesser whitethroat"
"wrenti","chamaea fasciata","wrentit"
NA,"suthora webbiana","vinous-throated parrotbill"
NA,"zosterops simplex","swinhoe's white-eye"
NA,"zosterops palpebrosus","indian white-eye"
"reblei","leiothrix lutea","red-billed leiothrix"
"ruckin","corthylio calendula","ruby-crowned kinglet"
"gockin","regulus satrapa","golden-crowned kinglet"
"whbnut","sitta carolinensis","white-breasted nuthatch"
"pygnut","sitta pygmaea","pygmy nuthatch"
"bnhnut","sitta pusilla","brown-headed nuthatch"
"rebnut","sitta canadensis","red-breasted nuthatch"
"brncre","certhia americana","brown creeper"
NA,"microbates cinereiventris","tawny-faced gnatwren"
NA,"ramphocaenus melanurus","long-billed gnatwren"
NA,"polioptila bilineata","white-browed gnatcatcher"
"buggna","polioptila caerulea","blue-gray gnatcatcher"
"bktgna","polioptila melanura","black-tailed gnatcatcher"
"calgna","polioptila californica","california gnatcatcher"
NA,"polioptila nigriceps","black-capped gnatcatcher"
NA,"polioptila albiloris","white-lored gnatcatcher"
"rocwre","salpinctes obsoletus","rock wren"
NA,"microcerculus philomela","nightingale wren"
NA,"microcerculus marginatus","scaly-breasted wren"
"canwre","catherpes mexicanus","canyon wren"
"houwre","troglodytes aedon","house wren"
NA,"troglodytes rufociliatus","rufous-browed wren"
NA,"troglodytes ochraceus","ochraceous wren"
"pacwre1","troglodytes pacificus","pacific wren"
"winwre3","troglodytes hiemalis","winter wren"
NA,"thryorchilus browni","timberline wren"
"sedwre1","cistothorus stellaris","sedge wren"
"sedwre","cistothorus platensis","grass wren"
"marwre","cistothorus palustris","marsh wren"
"carwre","thryothorus ludovicianus","carolina wren"
"bewwre","thryomanes bewickii","bewick's wren"
NA,"campylorhynchus albobrunneus","white-headed wren"
"runwre1","campylorhynchus rufinucha","rufous-naped wren"
"cacwre","campylorhynchus brunneicapillus","cactus wren"
NA,"campylorhynchus griseus","bicolored wren"
NA,"pheugopedius spadix","sooty-headed wren"
"rubwre1","pheugopedius rutilus","rufous-breasted wren"
"spbwre1","pheugopedius maculipectus","spot-breasted wren"
NA,"pheugopedius felix","happy wren"
NA,"pheugopedius atrogularis","black-throated wren"
NA,"thryophilus sinaloa","sinaloa wren"
"banwre1","thryophilus pleurostictus","banded wren"
"rawwre1","thryophilus rufalbus","rufous-and-white wren"
NA,"cantorchilus thoracicus","stripe-breasted wren"
NA,"cantorchilus leucopogon","stripe-throated wren"
"plawre1","cantorchilus modestus","cabanis's wren"
NA,"cantorchilus zeledoni","canebrake wren"
NA,"cantorchilus leucotis","buff-breasted wren"
NA,"uropsila leucogastra","white-bellied wren"
NA,"henicorhina leucosticta","white-breasted wood-wren"
"gbwwre1","henicorhina leucophrys","gray-breasted wood-wren"
"amedip","cinclus mexicanus","american dipper"
"hilmyn","gracula religiosa","common hill myna"
"eursta","sturnus vulgaris","european starling"
"brasta1","sturnia pagodarum","brahminy starling"
"commyn","acridotheres tristis","common myna"
NA,"acridotheres cristatellus","crested myna"
NA,"lamprotornis superbus","superb starling"
"blumoc","melanotis caerulescens","blue mockingbird"
NA,"melanotis hypoleucus","blue-and-white mockingbird"
NA,"melanoptila glabrirostris","black catbird"
"grycat","dumetella carolinensis","gray catbird"
NA,"allenia fusca","scaly-breasted thrasher"
NA,"margarops fuscatus","pearly-eyed thrasher"
"cubthr","toxostoma curvirostre","curve-billed thrasher"
"brnthr","toxostoma rufum","brown thrasher"
"lobthr","toxostoma longirostre","long-billed thrasher"
"benthr","toxostoma bendirei","bendire's thrasher"
"calthr","toxostoma redivivum","california thrasher"
"lecthr","toxostoma lecontei","leconte's thrasher"
"crithr","toxostoma crissale","crissal thrasher"
"sagthr","oreoscoptes montanus","sage thrasher"
"lotmoc1","mimus longicaudatus","long-tailed mockingbird"
"tromoc","mimus gilvus","tropical mockingbird"
"normoc","mimus polyglottos","northern mockingbird"
"easblu","sialia sialis","eastern bluebird"
"wesblu","sialia mexicana","western bluebird"
"moublu","sialia currucoides","mountain bluebird"
"towsol","myadestes townsendi","townsend's solitaire"
"brbsol1","myadestes occidentalis","brown-backed solitaire"
NA,"myadestes melanops","black-faced solitaire"
NA,"myadestes unicolor","slate-colored solitaire"
"varthr","ixoreus naevius","varied thrush"
NA,"catharus gracilirostris","black-billed nightingale-thrush"
NA,"catharus aurantiirostris","orange-billed nightingale-thrush"
NA,"catharus fuscater","slaty-backed nightingale-thrush"
NA,"catharus frantzii","ruddy-capped nightingale-thrush"
NA,"catharus mexicanus","black-headed nightingale-thrush"
NA,"catharus dryas","yellow-throated nightingale-thrush"
"veery","catharus fuscescens","veery"
"gycthr","catharus minimus","gray-cheeked thrush"
"bicthr","catharus bicknelli","bicknell's thrush"
"swathr","catharus ustulatus","swainson's thrush"
"herthr","catharus guttatus","hermit thrush"
"woothr","hylocichla mustelina","wood thrush"
NA,"turdus viscivorus","mistle thrush"
NA,"turdus philomelos","song thrush"
NA,"turdus iliacus","redwing"
NA,"turdus plebejus","mountain thrush"
"eurbla","turdus merula","eurasian blackbird"
NA,"turdus assimilis","white-throated thrush"
"clcrob","turdus grayi","clay-colored thrush"
NA,"turdus nudigenis","spectacled thrush"
NA,"turdus infuscatus","black thrush"
NA,"turdus nigrescens","sooty thrush"
"amerob","turdus migratorius","american robin"
NA,"turdus rufopalliatus","rufous-backed robin"
NA,"turdus rufitorques","rufous-collared robin"
"relthr1","turdus plumbeus","red-legged thrush"
NA,"turdus obscurus","eyebrowed thrush"
NA,"turdus pilaris","fieldfare"
NA,"muscicapa griseisticta","gray-streaked flycatcher"
NA,"muscicapa dauurica","asian brown flycatcher"
NA,"muscicapa striata","spotted flycatcher"
"whrsha","copsychus malabaricus","white-rumped shama"
"eurrob1","erithacus rubecula","european robin"
"blueth","luscinia svecica","bluethroat"
NA,"calliope calliope","siberian rubythroat"
NA,"ficedula albicilla","taiga flycatcher"
NA,"phoenicurus phoenicurus","common redstart"
NA,"monticola saxatilis","rufous-tailed rock-thrush"
NA,"saxicola stejnegeri","amur stonechat"
NA,"oenanthe oenanthe","northern wheatear"
"bohwax","bombycilla garrulus","bohemian waxwing"
"cedwax","bombycilla cedrorum","cedar waxwing"
NA,"phainoptila melanoxantha","black-and-yellow silky-flycatcher"
"grsfly1","ptiliogonys cinereus","gray silky-flycatcher"
NA,"ptiliogonys caudatus","long-tailed silky-flycatcher"
"phaino","phainopepla nitens","phainopepla"
NA,"dulus dominicus","palmchat"
NA,"chloropsis aurifrons","golden-fronted leafbird"
"oliwar","peucedramus taeniatus","olive warbler"
NA,"euplectes franciscanus","northern red bishop"
"diafir1","stagonopleura guttata","diamond firetail"
"rebfir1","neochmia temporalis","red-browed firetail"
"dobfin1","stizoptera bichenovii","double-barred finch"
NA,"euodice malabarica","indian silverbill"
NA,"padda oryzivora","java sparrow"
"nutman","lonchura punctulata","scaly-breasted munia"
NA,"lonchura striata","white-rumped munia"
NA,"lonchura malacca","tricolored munia"
NA,"lonchura atricapilla","chestnut munia"
NA,"estrilda astrild","common waxbill"
"bubcor1","uraeginthus angolensis","southern cordonbleu"
NA,"vidua macroura","pin-tailed whydah"
"houspa","passer domesticus","house sparrow"
"eutspa","passer montanus","eurasian tree sparrow"
"grywag","motacilla cinerea","gray wagtail"
NA,"motacilla tschutschensis","eastern yellow wagtail"
NA,"motacilla citreola","citrine wagtail"
NA,"motacilla alba","white wagtail"
NA,"anthus pratensis","meadow pipit"
NA,"anthus trivialis","tree pipit"
NA,"anthus hodgsoni","olive-backed pipit"
NA,"anthus cervinus","red-throated pipit"
"amepip","anthus rubescens","american pipit"
"sprpip","anthus spragueii","sprague's pipit"
"comcha","fringilla coelebs","common chaffinch"
NA,"fringilla montifringilla","brambling"
"eleeup1","chlorophonia elegantissima","elegant euphonia"
NA,"chlorophonia flavirostris","yellow-collared chlorophonia"
NA,"chlorophonia occipitalis","blue-crowned chlorophonia"
NA,"chlorophonia callophrys","golden-browed chlorophonia"
"screup1","euphonia affinis","scrub euphonia"
"yeceup1","euphonia luteicapilla","yellow-crowned euphonia"
"yeteup1","euphonia hirundinacea","yellow-throated euphonia"
NA,"euphonia laniirostris","thick-billed euphonia"
"olbeup1","euphonia gouldi","olive-backed euphonia"
NA,"coccothraustes abeillei","hooded grosbeak"
"evegro","coccothraustes vespertinus","evening grosbeak"
NA,"coccothraustes coccothraustes","hawfinch"
NA,"carpodacus erythrinus","common rosefinch"
"pingro","pinicola enucleator","pine grosbeak"
NA,"pyrrhula pyrrhula","eurasian bullfinch"
"gcrfin","leucosticte tephrocotis","gray-crowned rosy-finch"
"bkrfin","leucosticte atrata","black rosy-finch"
"bcrfin","leucosticte australis","brown-capped rosy-finch"
"houfin","haemorhous mexicanus","house finch"
"purfin","haemorhous purpureus","purple finch"
"casfin","haemorhous cassinii","cassin's finch"
NA,"chloris chloris","european greenfinch"
"origre","chloris sinica","oriental greenfinch"
NA,"crithagra mozambica","yellow-fronted canary"
NA,"linaria cannabina","eurasian linnet"
"comred","acanthis flammea","common redpoll"
"hoared","acanthis hornemanni","hoary redpoll"
"redcro","loxia curvirostra","red crossbill"
"redcro9","loxia sinesciuris","cassia crossbill"
"whwcro","loxia leucoptera","white-winged crossbill"
"eurgol","carduelis carduelis","european goldfinch"
"eurser1","serinus serinus","european serin"
NA,"spinus spinus","eurasian siskin"
"pinsis","spinus pinus","pine siskin"
NA,"spinus notatus","black-headed siskin"
"lesgol","spinus psaltria","lesser goldfinch"
"lawgol","spinus lawrencei","lawrence's goldfinch"
"amegfi","spinus tristis","american goldfinch"
"laplon","calcarius lapponicus","lapland longspur"
"chclon","calcarius ornatus","chestnut-collared longspur"
NA,"calcarius pictus","smith's longspur"
"mcclon","rhynchophanes mccownii","thick-billed longspur"
"snobun","plectrophenax nivalis","snow bunting"
NA,"plectrophenax hyperboreus","mckay's bunting"
NA,"emberiza citrinella","yellowhammer"
NA,"emberiza schoeniclus","reed bunting"
NA,"emberiza aureola","yellow-breasted bunting"
NA,"emberiza pusilla","little bunting"
NA,"emberiza rustica","rustic bunting"
NA,"chlorospingus flavigularis","yellow-throated chlorospingus"
NA,"chlorospingus pileatus","sooty-capped chlorospingus"
"cobtan1","chlorospingus flavopectus","common chlorospingus"
"ruwspa","peucaea carpalis","rufous-winged sparrow"
"sthspa1","peucaea ruficauda","stripe-headed sparrow"
"casspa","peucaea cassinii","cassin's sparrow"
"bacspa","peucaea aestivalis","bachman's sparrow"
"graspa","ammodramus savannarum","grasshopper sparrow"
"olispa","arremonops rufivirgatus","olive sparrow"
NA,"arremonops chloronotus","green-backed sparrow"
NA,"arremonops conirostris","black-striped sparrow"
"chispa","spizella passerina","chipping sparrow"
"clcspa","spizella pallida","clay-colored sparrow"
"bkcspa","spizella atrogularis","black-chinned sparrow"
"fiespa","spizella pusilla","field sparrow"
"brespa","spizella breweri","brewer's sparrow"
NA,"amphispizopsis quinquestriata","five-striped sparrow"
"bktspa","amphispiza bilineata","black-throated sparrow"
"larspa","chondestes grammacus","lark sparrow"
"larbun","calamospiza melanocorys","lark bunting"
NA,"arremon costaricensis","costa rican brushfinch"
"orbspa1","arremon aurantiirostris","orange-billed sparrow"
"ccbfin","arremon brunneinucha","chestnut-capped brushfinch"
"amtspa","spizelloides arborea","american tree sparrow"
"foxspa","passerella iliaca","fox sparrow"
"daejun","junco hyemalis","dark-eyed junco"
"yeejun","junco phaeonotus","yellow-eyed junco"
NA,"junco vulcani","volcano junco"
"rucspa1","zonotrichia capensis","rufous-collared sparrow"
"whcspa","zonotrichia leucophrys","white-crowned sparrow"
"gocspa","zonotrichia atricapilla","golden-crowned sparrow"
"harspa","zonotrichia querula","harris's sparrow"
"whtspa","zonotrichia albicollis","white-throated sparrow"
"sagspa1","artemisiospiza nevadensis","sagebrush sparrow"
"belspa2","artemisiospiza belli","bell's sparrow"
"vesspa","pooecetes gramineus","vesper sparrow"
"lecspa","ammospiza leconteii","leconte's sparrow"
"seaspa","ammospiza maritima","seaside sparrow"
"nstspa","ammospiza nelsoni","nelson's sparrow"
"sstspa","ammospiza caudacuta","saltmarsh sparrow"
"savspa","passerculus sandwichensis","savannah sparrow"
"baispa","centronyx bairdii","baird's sparrow"
"henspa","centronyx henslowii","henslow's sparrow"
"sonspa","melospiza melodia","song sparrow"
"linspa","melospiza lincolnii","lincoln's sparrow"
"swaspa","melospiza georgiana","swamp sparrow"
NA,"pezopetes capitalis","large-footed finch"
"cantow","melozone fusca","canyon towhee"
"abetow","melozone aberti","abert's towhee"
"caltow","melozone crissalis","california towhee"
NA,"melozone biarcuata","white-faced ground-sparrow"
NA,"aimophila rufescens","rusty sparrow"
"rucspa","aimophila ruficeps","rufous-crowned sparrow"
"gnttow","pipilo chlorurus","green-tailed towhee"
"spotow","pipilo maculatus","spotted towhee"
"eastow","pipilo erythrophthalmus","eastern towhee"
NA,"atlapetes albinucha","white-naped brushfinch"
NA,"atlapetes tibialis","yellow-thighed brushfinch"
NA,"nesospingus speculiferus","puerto rican tanager"
NA,"spindalis zena","western spindalis"
NA,"spindalis portoricensis","puerto rican spindalis"
NA,"zeledonia coronata","wrenthrush"
"yebcha","icteria virens","yellow-breasted chat"
"yehbla","xanthocephalus xanthocephalus","yellow-headed blackbird"
"boboli","dolichonyx oryzivorus","bobolink"
"wesmea","sturnella neglecta","western meadowlark"
"easmea","sturnella magna","eastern meadowlark"
"lilmea2","sturnella lilianae","chihuahuan meadowlark"
NA,"leistes militaris","red-breasted meadowlark"
NA,"amblycercus holosericeus","yellow-billed cacique"
"yewcac1","cassiculus melanicterus","yellow-winged cacique"
"creoro1","psarocolius decumanus","crested oropendola"
"chhoro1","psarocolius wagleri","chestnut-headed oropendola"
"monoro1","psarocolius montezuma","montezuma oropendola"
NA,"cacicus uropygialis","scarlet-rumped cacique"
NA,"cacicus cela","yellow-rumped cacique"
NA,"icterus portoricensis","puerto rican oriole"
NA,"icterus wagleri","black-vented oriole"
NA,"icterus maculialatus","bar-winged oriole"
NA,"icterus prosthemelas","black-cowled oriole"
"orcori","icterus spurius","orchard oriole"
"hooori","icterus cucullatus","hooded oriole"
"yebori1","icterus chrysater","yellow-backed oriole"
NA,"icterus mesomelas","yellow-tailed oriole"
NA,"icterus icterus","venezuelan troupial"
NA,"icterus pustulatus","streak-backed oriole"
"bulori","icterus bullockii","bullock's oriole"
NA,"icterus auratus","orange oriole"
NA,"icterus nigrogularis","yellow oriole"
"spbori","icterus pectoralis","spot-breasted oriole"
"altori","icterus gularis","altamira oriole"
"audori","icterus graduacauda","audubon's oriole"
"balori","icterus galbula","baltimore oriole"
NA,"icterus abeillei","black-backed oriole"
"scoori","icterus parisorum","scott's oriole"
"rewbla","agelaius phoeniceus","red-winged blackbird"
"tribla","agelaius tricolor","tricolored blackbird"
"shicow","molothrus bonariensis","shiny cowbird"
"brocow","molothrus aeneus","bronzed cowbird"
"bnhcow","molothrus ater","brown-headed cowbird"
NA,"molothrus oryzivorus","giant cowbird"
"melbla1","dives dives","melodious blackbird"
NA,"ptiloxena atroviolacea","cuban blackbird"
"rusbla","euphagus carolinus","rusty blackbird"
"brebla","euphagus cyanocephalus","brewer's blackbird"
"comgra","quiscalus quiscula","common grackle"
"botgra","quiscalus major","boat-tailed grackle"
"grtgra","quiscalus mexicanus","great-tailed grackle"
NA,"quiscalus nicaraguensis","nicaraguan grackle"
"gragra1","quiscalus niger","greater antillean grackle"
NA,"quiscalus lugubris","carib grackle"
"ovenbi1","seiurus aurocapilla","ovenbird"
"woewar1","helmitheros vermivorum","worm-eating warbler"
"louwat","parkesia motacilla","louisiana waterthrush"
"norwat","parkesia noveboracensis","northern waterthrush"
"gowwar","vermivora chrysoptera","golden-winged warbler"
"buwwar","vermivora cyanoptera","blue-winged warbler"
"bawwar","mniotilta varia","black-and-white warbler"
"prowar","protonotaria citrea","prothonotary warbler"
"swawar","limnothlypis swainsonii","swainson's warbler"
NA,"oreothlypis superciliosa","crescent-chested warbler"
NA,"oreothlypis gutturalis","flame-throated warbler"
"tenwar","leiothlypis peregrina","tennessee warbler"
"orcwar","leiothlypis celata","orange-crowned warbler"
"colwar","leiothlypis crissalis","colima warbler"
"lucwar","leiothlypis luciae","lucy's warbler"
"naswar","leiothlypis ruficapilla","nashville warbler"
"virwar","leiothlypis virginiae","virginia's warbler"
"conwar","oporornis agilis","connecticut warbler"
NA,"geothlypis poliocephala","gray-crowned yellowthroat"
"macwar","geothlypis tolmiei","macgillivray's warbler"
"mouwar","geothlypis philadelphia","mourning warbler"
"kenwar","geothlypis formosa","kentucky warbler"
NA,"geothlypis speciosa","black-polled yellowthroat"
NA,"geothlypis beldingi","belding's yellowthroat"
NA,"geothlypis rostrata","bahama yellowthroat"
NA,"geothlypis flavovelata","altamira yellowthroat"
"comyel","geothlypis trichas","common yellowthroat"
NA,"catharopeza bishopi","whistling warbler"
NA,"setophaga plumbea","plumbeous warbler"
NA,"setophaga pharetra","arrowhead warbler"
"hoowar","setophaga citrina","hooded warbler"
"amered","setophaga ruticilla","american redstart"
NA,"setophaga kirtlandii","kirtland's warbler"
"camwar","setophaga tigrina","cape may warbler"
"cerwar","setophaga cerulea","cerulean warbler"
"norpar","setophaga americana","northern parula"
"tropar","setophaga pitiayumi","tropical parula"
"magwar","setophaga magnolia","magnolia warbler"
"babwar","setophaga castanea","bay-breasted warbler"
"bkbwar","setophaga fusca","blackburnian warbler"
"yelwar","setophaga petechia","yellow warbler"
"chswar","setophaga pensylvanica","chestnut-sided warbler"
"bkpwar","setophaga striata","blackpoll warbler"
"btbwar","setophaga caerulescens","black-throated blue warbler"
"palwar","setophaga palmarum","palm warbler"
NA,"setophaga pityophila","olive-capped warbler"
"pinwar","setophaga pinus","pine warbler"
"yerwar","setophaga coronata","yellow-rumped warbler"
"yetwar","setophaga dominica","yellow-throated warbler"
NA,"setophaga flavescens","bahama warbler"
NA,"setophaga vitellina","vitelline warbler"
"prawar","setophaga discolor","prairie warbler"
NA,"setophaga adelaidae","adelaide's warbler"
NA,"setophaga subita","barbuda warbler"
NA,"setophaga delicata","st. lucia warbler"
"grawar","setophaga graciae","grace's warbler"
"btywar","setophaga nigrescens","black-throated gray warbler"
"towwar","setophaga townsendi","townsend's warbler"
"herwar","setophaga occidentalis","hermit warbler"
"gchwar","setophaga chrysoparia","golden-cheeked warbler"
"btnwar","setophaga virens","black-throated green warbler"
NA,"basileuterus lachrymosus","fan-tailed warbler"
NA,"basileuterus rufifrons","rufous-capped warbler"
"rucwar4","basileuterus delattrii","chestnut-capped warbler"
NA,"basileuterus melanogenys","black-cheeked warbler"
NA,"basileuterus belli","golden-browed warbler"
"gcrwar","basileuterus culicivorus","golden-crowned warbler"
NA,"basileuterus melanotis","costa rican warbler"
NA,"myiothlypis fulvicauda","buff-rumped warbler"
"canwar","cardellina canadensis","canada warbler"
"wlswar","cardellina pusilla","wilson's warbler"
"refwar","cardellina rubrifrons","red-faced warbler"
NA,"cardellina rubra","red warbler"
NA,"cardellina versicolor","pink-headed warbler"
"paired","myioborus pictus","painted redstart"
"sltred","myioborus miniatus","slate-throated redstart"
NA,"myioborus torquatus","collared redstart"
NA,"mitrospingus cassinii","dusky-faced tanager"
NA,"piranga roseogularis","rose-throated tanager"
"heptan","piranga flava","hepatic tanager"
"sumtan","piranga rubra","summer tanager"
"scatan","piranga olivacea","scarlet tanager"
"westan","piranga ludoviciana","western tanager"
NA,"piranga bidentata","flame-colored tanager"
NA,"piranga leucoptera","white-winged tanager"
NA,"habia rubica","red-crowned ant-tanager"
NA,"habia fuscicauda","red-throated ant-tanager"
NA,"habia atrimaxillaris","black-cheeked ant-tanager"
NA,"chlorothraupis carmioli","carmiol's tanager"
NA,"chlorothraupis olivacea","lemon-spectacled tanager"
NA,"periporphyrus celaeno","crimson-collared grosbeak"
NA,"caryothraustes poliogaster","black-faced grosbeak"
"norcar","cardinalis cardinalis","northern cardinal"
"pyrrhu","cardinalis sinuatus","pyrrhuloxia"
NA,"pheucticus chrysopeplus","yellow grosbeak"
NA,"pheucticus tibialis","black-thighed grosbeak"
"robgro","pheucticus ludovicianus","rose-breasted grosbeak"
"bkhgro","pheucticus melanocephalus","black-headed grosbeak"
NA,"granatellus sallaei","gray-throated chat"
NA,"cyanoloxia cyanoides","blue-black grosbeak"
"blubun","cyanocompsa parellina","blue bunting"
"blugrb1","passerina caerulea","blue grosbeak"
"lazbun","passerina amoena","lazuli bunting"
"indbun","passerina cyanea","indigo bunting"
"varbun","passerina versicolor","varied bunting"
"paibun","passerina ciris","painted bunting"
"dickci","spiza americana","dickcissel"
"reccar","paroaria coronata","red-crested cardinal"
NA,"paroaria capitata","yellow-billed cardinal"
NA,"loriotus luctuosus","white-shouldered tanager"
NA,"tachyphonus delatrii","tawny-crested tanager"
NA,"tachyphonus rufus","white-lined tanager"
NA,"lanio aurantius","black-throated shrike-tanager"
NA,"lanio leucothorax","white-throated shrike-tanager"
NA,"ramphocelus sanguinolentus","crimson-collared tanager"
"y00599","ramphocelus passerinii","scarlet-rumped tanager"
NA,"ramphocelus carbo","silver-beaked tanager"
"crbtan1","ramphocelus dimidiatus","crimson-backed tanager"
NA,"bangsia arcaei","blue-and-gold tanager"
"bugtan","thraupis episcopus","blue-gray tanager"
"yewtan1","thraupis abbas","yellow-winged tanager"
"paltan1","thraupis palmarum","palm tanager"
NA,"ixothraupis guttata","speckled tanager"
NA,"poecilostreptus cabanisi","azure-rumped tanager"
NA,"poecilostreptus palmeri","gray-and-gold tanager"
"gohtan1","stilpnia larvata","golden-hooded tanager"
NA,"tangara dowii","spangle-cheeked tanager"
NA,"tangara inornata","plain-colored tanager"
NA,"tangara chilensis","paradise tanager"
NA,"tangara lavinia","rufous-winged tanager"
NA,"tangara gyrola","bay-headed tanager"
NA,"tangara florida","emerald tanager"
"sittan1","tangara icterocephala","silver-throated tanager"
NA,"dacnis cayana","blue dacnis"
NA,"cyanerpes lucidus","shining honeycreeper"
"relhon1","cyanerpes cyaneus","red-legged honeycreeper"
"grehon1","chlorophanes spiza","green honeycreeper"
NA,"heterospingus rubrifrons","sulphur-rumped tanager"
NA,"heterospingus xanthopygius","scarlet-browed tanager"
NA,"chrysothlypis chrysomelas","black-and-yellow tanager"
NA,"diglossa baritula","cinnamon-bellied flowerpiercer"
NA,"diglossa plumbea","slaty flowerpiercer"
"saffin","sicalis flaveola","saffron finch"
"gryfin1","sicalis luteola","grassland yellow-finch"
NA,"volatinia jacarina","blue-black grassquit"
NA,"sporophila lineola","lined seedeater"
NA,"sporophila minuta","ruddy-breasted seedeater"
NA,"sporophila funerea","thick-billed seed-finch"
NA,"sporophila nuttingi","nicaraguan seed-finch"
"varsee3","sporophila corvina","variable seedeater"
"whcsee1","sporophila morelleti","morelet's seedeater"
NA,"sporophila torqueola","cinnamon-rumped seedeater"
NA,"sporophila nigricollis","yellow-bellied seedeater"
"banana","coereba flaveola","bananaquit"
"yefgra1","tiaris olivaceus","yellow-faced grassquit"
NA,"melopyrrha portoricensis","puerto rican bullfinch"
NA,"melopyrrha violacea","greater antillean bullfinch"
NA,"loxigilla noctis","lesser antillean bullfinch"
NA,"melanospiza bicolor","black-faced grassquit"
NA,"saltator maximus","buff-throated saltator"
"blhsal1","saltator atriceps","black-headed saltator"
NA,"saltator olivascens","olive-gray saltator"
"grasal2","saltator grandis","cinnamon-bellied saltator"
"strsal1","saltator striatipectus","streaked saltator"
NA,"saltator albicollis","lesser antillean saltator"
NA,"saltator grossus","slate-colored grosbeak"
