"","species","freq","class","order","family","genus"
"1","Accipiter gentilis",39,"Aves","Accipitriformes","Accipitridae","Accipiter"
"2","Accipiter Gentilis",10,"Aves","Accipitriformes","Accipitridae","Accipiter"
"3","Accipiter nisus",46,"Aves","Accipitriformes","Accipitridae","Accipiter"
"4","Accipitridae",294,"Aves","Accipitriformes","Accipitridae",NA
"5","Accipitridae",212,"Aves","Accipitriformes","Accipitridae",NA
"6","Accipitridae",25,"Aves","Accipitriformes","Accipitridae",NA
"7","Aechmophorus occidentalis",3,"Aves","Podicipediformes","Podicipedidae","Aechmophorus"
"8","Agapornis personatus",1,"Aves","Psittaciformes","Psittacidae","Agapornis"
"9","Agapornis roseicollis",1,"Aves","Psittaciformes","Psittacidae","Agapornis"
"10","Aix galericulata",2,"Aves","Anseriformes","Anatidae","Aix"
"11","Aixnsa",2,"Aves","Anseriformes","Anatidae","Aix"
"13","Alca torda",6,"Aves","Charadriiformes","Alcidae","Alca"
"14","Alcidae",2,"Aves","Charadriiformes","Alcidae",NA
"15","Alectoris rufa",1,"Aves","Galliformes","Phasianidae","Alectoris"
"16","Alle alle",2,"Aves","Charadriiformes","Alcidae","Alle"
"17","Alopochen aegyptiaca",11,"Aves","Anseriformes","Anatidae","Alopochen"
"18","Anas acuta",3,"Aves","Anseriformes","Anatidae","Anas"
"19","Anas bernieri",1,"Aves","Anseriformes","Anatidae","Anas"
"20","Anas clypeata",2,"Aves","Anseriformes","Anatidae","Spatula"
"21","Anas crecca",38,"Aves","Anseriformes","Anatidae","Anas"
"22","Anas penelope",69,"Aves","Anseriformes","Anatidae","Mareca"
"23","Anas platyrhynchos",174,"Aves","Anseriformes","Anatidae","Anas"
"24","Anas querquedula",1,"Aves","Anseriformes","Anatidae","Spatula"
"25","Anas rhynchotis",1,"Aves","Anseriformes","Anatidae","Spatula"
"26","Anas strepera",10,"Aves","Anseriformes","Anatidae","Mareca"
"27","Anas versicolor",1,"Aves","Anseriformes","Anatidae","Anas"
"28","Anatidae",1167,"Aves","Anseriformes","Anatidae",NA
"29","Anatidae",995,"Aves","Anseriformes","Anatidae",NA
"30","Anser albifrons",45,"Aves","Anseriformes","Anatidae","Anser"
"31","Anser anser",461,"Aves","Anseriformes","Anatidae","Anser"
"32","Anser brachyrhynchus",129,"Aves","Anseriformes","Anatidae","Anser"
"33","Anser erythropus",2,"Aves","Anseriformes","Anatidae","Anser"
"34","Anser fabalis",16,"Aves","Anseriformes","Anatidae","Anser"
"35","Anserinae",370,"Aves","Anseriformes","Anatidae",NA
"36","Anserinae",155,"Aves","Anseriformes","Anatidae",NA
"37","Aquila audax",1,"Aves","Accipitriformes","Accipitridae","Aquila"
"38","Aquila chrysaetos",4,"Aves","Accipitriformes","Accipitridae","Aquila"
"39","Aquila fasciata",1,"Aves","Accipitriformes","Accipitridae","Aquila"
"40","Aquila heliaca",2,"Aves","Accipitriformes","Accipitridae","Aquila"
"41","Aquila nipalensis",1,"Aves","Accipitriformes","Accipitridae","Aquila"
"42","Ara ararauna",1,"Aves","Psittaciformes","Psittacidae","Ara"
"43","Ara macao",1,"Aves","Psittaciformes","Psittacidae","Ara"
"44","Aratinga auricapillus",1,"Aves","Psittaciformes","Psittacidae","Aratinga"
"45","Arctic Skua",3,"Aves","Charadriiformes","Stercorariidae","Stercorarius"
"46","Arctic Tern",3,"Aves","Charadriiformes","Laridae","Sterna"
"47","Ardea alba",23,"Aves","Pelecaniformes","Ardeidae","Ardea"
"48","Ardea cinerea",84,"Aves","Pelecaniformes","Ardeidae","Ardea"
"49","Ardea herodias",5,"Aves","Pelecaniformes","Ardeidae","Ardea"
"50","Ardeidae",47,"Aves","Pelecaniformes","Ardeidae",NA
"51","Ardeidae",10,"Aves","Pelecaniformes","Ardeidae",NA
"52","Arenaria interpres",1,"Aves","Charadriiformes","Scolopacidae","Arenaria"
"53","Armenian Gull",1,"Aves","Charadriiformes","Laridae","Larus"
"54","Asio flammeus",3,"Aves","Strigiformes","Strigidae","Asio"
"55","Asio otus",8,"Aves","Strigiformes","Strigidae","Asio"
"56","Athene noctua",3,"Aves","Strigiformes","Strigidae","Athene"
"57","Atlantic Puffin",2,"Aves","Charadriiformes","Alcidae","Fratercula"
"58","Aythya ferina",9,"Aves","Anseriformes","Anatidae","Aythya"
"59","Aythya fuligula",83,"Aves","Anseriformes","Anatidae","Aythya"
"60","Aythya marila",2,"Aves","Anseriformes","Anatidae","Aythya"
"61","Balearica regulorum",2,"Aves","Gruiformes","Gruidae","Balearica"
"62","Barn Owl",5,"Aves","Strigiformes","Tytonidae","Tyto"
"63","Barnacle Goose",260,"Aves","Anseriformes","Anatidae","Branta"
"64","Bean Goose",11,"Aves","Anseriformes","Anatidae","Anser"
"65","Bearded Vulture",5,"Aves","Accipitriformes","Accipitridae","Gypaetus"
"66","Black-Faced Spoonbill",1,"Aves","Pelecaniformes","Threskiornithidae","Platalea"
"67","Black-Legged Kittiwake",15,"Aves","Charadriiformes","Laridae","Rissa"
"68","Black-Necked Grebe",1,"Aves","Podicipediformes","Podicipedidae","Podiceps"
"69","Black Backed Gull",4,"Aves","Charadriiformes","Laridea","Larus"
"70","Black Guillemot",2,"Aves","Alcidea","Aves","Alcidea"
"71","Black Guillemot",5,"Charadriiformes","Cepphus","Charadriiformes","Cepphus"
"72","Black Headed Gull",805,"Aves","Charadriiformes","Laridae","Chroicocephalus"
"73","Black Swan",10,"Aves","Anseriformes","Anatidae","Cygnus"
"74","Botaurus stellaris",1,"Aves","Pelecaniformes","Ardeidae","Botaurus"
"75","Branta bernicla",18,"Aves","Anseriformes","Anatidae","Branta"
"76","Branta canadensis",275,"Aves","Anseriformes","Anatidae","Branta"
"77","Branta leucopsis",382,"Aves","Anseriformes","Anatidae","Branta"
"78","Branta ruficollis",1,"Aves","Anseriformes","Anatidae","Branta"
"79","Brent Goose",18,"Aves","Anseriformes","Anatidea","Branta"
"80","Brown-Headed Gull",16,"Aves","Charadriiformes","Laridae","Chroicocephalus"
"81","Bubo bubo",24,"Aves","Strigiformes","Strigidae","Bubo"
"82","Bubulcus ibis",5,"Aves","Pelecaniformes","Ardeidae","Bubulcus"
"83","Bucephala clangula",3,"Aves","Anseriformes","Anatidae","Bucephala"
"84","Buteo buteo",539,"Aves","Accipitriformes","Accipitridae","Buteo"
"85","Buteo lagopus",5,"Aves","Accipitriformes","Accipitridae","Buteo"
"86","Buzzard",281,"Aves","Accipitriformes","Accipitridae",""
"87","Cacatua ducorpsii",1,"Aves","Psittaciformes","Cacatuidae","Cacatua"
"88","Cackling Goose",1,"Aves","Anseriformes","Anatidae","Branta"
"89","Cairina moschata",9,"Aves","Anseriformes","Anatidae","Cairina"
"90","Calidris alba",9,"Aves","Charadriiformes","Scolopacidae","Calidris"
"91","Calidris alpina",1,"Aves","Charadriiformes","Scolopacidae","Calidris"
"92","Calidris canutus",5,"Aves","Charadriiformes","Scolopacidae","Calidris"
"93","Calidris fuscicollis",1,"Aves","Charadriiformes","Scolopacidae","Calidris"
"94","Calidris maritima",1,"Aves","Charadriiformes","Scolopacidae","Calidris"
"95","Calidris pusilla",2,"Aves","Charadriiformes","Scolopacidae","Calidris"
"96","Canada Goose",119,"Aves","Anseriformes","Anatidae","Branta"
"97","Carduelis carduelis",1,"Aves","Passeriformes","Fringillidae","Carduelis"
"98","Carduelis chloris",1,"Aves","Passeriformes","Fringillidae","Chloris"
"99","Caspian Gull",5,"Aves","Charadriiformes","Laridae","Larus"
"100","Casuariidae",2,"Aves","Casuariiformes","Casuariidae",NA
"101","Cattle Egret",2,"Aves","Pelecaniformes","Ardeidae","Bubulcus"
"102","Cepphus grylle",16,"Aves","Charadriiformes","Alcidae","Cepphus"
"103","Charadriidae",50,"Aves","Charadriiformes","Charadriidae",NA
"104","Charadriidae",44,"Aves","Charadriiformes","Charadriidae",NA
"105","Charadrius hiaticula",2,"Aves","Charadriiformes","Charadriidae","Charadrius"
"106","Charadrius Pallidus",3,"Aves","Charadriiformes","Charadriidae","Charadrius"
"107","Chenonetta jubata",1,"Aves","Anseriformes","Anatidae","Chenonetta"
"108","Chilean Flamingo",1,"Aves","Phoenicopteriformes","Phoenicopteridae","Phoenicopterus"
"109","Chroicocephalus cirrocephalus",9,"Aves","Charadriiformes","Laridae","Chroicocephalus"
"110","Chroicocephalus ridibundus",973,"Aves","Charadriiformes","Laridae","Chroicocephalus"
"111","Ciconia ciconia",71,"Aves","Ciconiiformes","Ciconiidae","Ciconia"
"112","Ciconiidae",19,"Aves","Ciconiiformes","Ciconiidae",NA
"113","Ciconiidae",7,"Aves","Ciconiiformes","Ciconiidae",NA
"114","Circus aeruginosus",3,"Aves","Accipitriformes","Accipitridae","Circus"
"115","Circus assimilis",1,"Aves","Accipitriformes","Accipitridae","Circus"
"116","Circus cyaneus",3,"Aves","Accipitriformes","Accipitridae","Circus"
"117","Circus pygargus",2,"Aves","Accipitriformes","Accipitridae","Circus"
"118","Clanga pomarina",1,"Aves","Accipitriformes","Accipitridae","Clanga"
"119","Cockatiel",2,"Aves","Psittaciformes","Cacatuidae","Nymphicus"
"120","Colinus virginianus",1,"Aves","Galliformes","Odontophoridae","Colinus"
"121","Columba livia",15,"Aves","Columbiformes","Columbidae","Columba"
"122","Columba palumbus",15,"Aves","Columbiformes","Columbidae","Columba"
"123","Columbidae",11,"Aves","Columbiformes","Columbidae",NA
"124","Columbidae",4,"Aves","Columbiformes","Columbidae",NA
"125","Common Coot",7,"Aves","Gruiformes","Rallidae","Fulica"
"126","Common Eider",13,"Aves","Anseriformes","Anatidae","Somateria"
"127","Common Goldeneye",2,"Aves","Anseriformes","Anatidae","Bucephala"
"128","Common Kestrel",29,"Aves","Falconiformes","Falconidae","Falco"
"129","Common Loon",1,"Aves","Gaviiformes","Gaviidae","Gavia"
"130","Common Moorhen",7,"Aves","Gruiformes","Rallidae","Gallinula"
"131","Common Murre",19,"Aves","Charadriiformes","Alcidae","Uria"
"132","Common Pochard",9,"Aves","Anseriformes","Anatidae","Aythya"
"133","Common Quail",3,"Aves","Galliformes","Phasianidae","Coturnix"
"134","Common Raven",5,"Aves","Passeriformes","Corvidae","Corvus"
"135","Common Shelduck",10,"Aves","Anseriformes","Anatidae","Tadorna"
"136","Common Snipe",1,"Aves","Charadriiformes","Scolopacidae","Gallinago"
"137","Common Tern",81,"Aves","Charadriiformes","Laridae","Sterna"
"138","Common Wood-Pigeon",7,"Aves","Columbiformes","Columbidae","Columba"
"139","Cormorant",17,"Aves","Suliformes","Phalacrocoracidae","Phalacrocorax"
"140","Corvidae",20,"Aves","Passeriformes","Corvidae",NA
"141","Corvidae",4,"Aves","Passeriformes","Corvidae",NA
"142","Corvus corax",15,"Aves","Passeriformes","Corvidae","Corvus"
"143","Corvus cornix",9,"Aves","Passeriformes","Corvidae","Corvus"
"144","Corvus corone",6,"Aves","Passeriformes","Corvidae","Corvus"
"145","Corvus frugilegus",8,"Aves","Passeriformes","Corvidae","Corvus"
"146","Corvus monedula",12,"Aves","Passeriformes","Corvidae","Coloeus"
"147","Coscoroba coscoroba",1,"Aves","Anseriformes","Anatidae","Coscoroba"
"148","Coturnix coturnix",2,"Aves","Galliformes","Phasianidae","Coturnix"
"149","Coturnix japonica",1,"Aves","Galliformes","Phasianidae","Coturnix"
"150","Crane",14,"Aves","Gruiiformes","Gruoidae",""
"151","Crow",34,"Aves","Passeriformes","Corvidae",""
"152","Crowned Cormorant",1,"Aves","Suliformes","Phalacrocoracidae","Microcarbo"
"153","Curlew",17,"Aves","Charadriiformes","Scolopacidae","Numenius"
"154","Cygnus",199,"Aves","Anseriformes","Anatidae","Cygnus"
"155","Cygnus atratus",15,"Aves","Anseriformes","Anatidae","Cygnus"
"156","Cygnus bewickii",2,"Aves","Anseriformes","Anatidae","Cygnus"
"157","Cygnus columbianus",2,"Aves","Anseriformes","Anatidae","Cygnus"
"158","Cygnus cygnus",258,"Aves","Anseriformes","Anatidae","Cygnus"
"159","Cygnus olor",1456,"Aves","Anseriformes","Anatidae","Cygnus"
"160","Dalmatian Pelican",18,"Aves","Pelecaniformes","Pelecanidae","Pelecanus"
"161","Dendrocopos major",2,"Aves","Piciformes","Picidae","Dendrocopos"
"162","Dendrocygna eytoni",1,"Aves","Anseriformes","Anatidae","Dendrocygna"
"163","Diopsittaca nobilis",1,"Aves","Psittaciformes","Psittacidae","Diopsittaca"
"164","Dromaiidae",1,"Aves","Casuariiformes","Dromaiidae",NA
"165","Dromaius novaehollandiae",2,"Aves","Casuariiformes","Dromaiidae","Dromaius"
"166","Duck",90,"Aves","Anseriformes","Anatidae","Anas"
"167","Egret",6,"Aves","Pelecaniformes","Ardeidae",""
"168","Egretta caerulea",1,"Aves","Pelecaniformes","Ardeidae","Egretta"
"169","Egretta garzetta",9,"Aves","Pelecaniformes","Ardeidae","Egretta"
"170","Egyptian Goose",9,"Aves","Anseriformes","Anatidae","Alopochen"
"171","Emu",3,"Aves","Casuariiformes","Dromaiidae","Dromaius"
"172","Eurasian Blackbird",1,"Aves","Passeriformes","Turdidae","Turdus"
"173","Eurasian Buzzard",59,"Aves","Accipitriformes","Accipitridae","Buteo"
"174","Eurasian Collared Dove",3,"Aves","Columbiformes","Columbidae","Streptopelia"
"175","Eurasian Coot",9,"Aves","Gruiformes","Rallidae","Fulica"
"176","Eurasian Eagle-Owl",13,"Aves","Strigiformes","Strigidae","Bubo"
"177","Eurasian Jackdaw",5,"Aves","Passeriformes","Corvidae","Coloeus"
"178","Eurasian Oystercatcher",5,"Aves","Charadriiformes","Haematopodidae","Haematopus"
"179","Eurasian Sparrowhawk",22,"Aves","Accipitriformes","Accipitridae","Accipiter"
"180","Eurasian Spoonbill",3,"Aves","Pelecaniformes","Threskiornithidae","Platalea"
"181","Eurasian Tree Sparrow",2,"Aves","Passeriformes","Passeridae","Passer"
"182","Eurasian Wigeon",59,"Aves","Anseriformes","Anatidae","Mareca"
"184","European Turtle Dove",1,"Aves","Columbiformes","Columbidae","Sreptopelia"
"185","Falco biarmicus",1,"Aves","Falconiformes","Falconidae","Falco"
"186","Falco cherrug",2,"Aves","Falconiformes","Falconidae","Falco"
"187","Falco columbarius",1,"Aves","Falconiformes","Falconidae","Falco"
"188","Falco peregrinus",156,"Aves","Falconiformes","Falconidae","Falco"
"189","Falco rusticolus",1,"Aves","Falconiformes","Falconidae","Falco"
"190","Falcorverius",1,"Aves",NA,NA,NA
"191","Falco subbuteo",1,"Aves","Falconiformes","Falconidae","Falco"
"192","Falco tinnunculus",45,"Aves","Falconiformes","Falconidae","Falco"
"193","Falco vespertinus",1,"Aves","Falconiformes","Falconidae","Falco"
"194","Falcon",8,"Aves","Falconiformes","Falconidae","Falco"
"195","Falconidae",8,"Aves","Falconiformes","Falconidae",NA
"197","Fratercula arctica",4,"Aves","Charadriiformes","Alcidae","Fratercula"
"198","Fringilla coelebs",2,"Aves","Passeriformes","Fringillidae","Fringilla"
"199","Fulica atra",14,"Aves","Gruiformes","Rallidae","Fulica"
"200","Fulmarus glacialis",5,"Aves","Procellariiformes","Procellariidae","Fulmarus"
"201","Gadwall",6,"Aves","Anseriformes","Anatidae","Mareca"
"202","Galliformes",1,"Aves","Galliformes",NA,NA
"203","Gallinago gallinago",1,"Aves","Charadriiformes","Scolopacidae","Gallinago"
"204","Gallinula chloropus",11,"Aves","Gruiformes","Rallidae","Gallinula"
"205","Gallus gallus",3,"Aves","Galliformes","Phasianidae","Gallus"
"206","Garrulus glandarius",2,"Aves","Passeriformes","Corvidae","Garrulus"
"207","Gavia immer",1,"Aves","Gaviiformes","Gaviidae","Gavia"
"208","Gavia stellata",2,"Aves","Gaviiformes","Gaviidae","Gavia"
"209","Gelochelidon nilotica",1,"Aves","Charadriiformes","Laridae","Gelochelidon"
"210","Geronticus eremita",1,"Aves","Pelecaniformes","Threskiornithidae","Geronticus"
"211","Glaucous Gull",1,"Aves","Charadriiformes","Laridae","Larus"
"212","Goosander",3,"Aves","Anseriformes","Anatidae","Mergus"
"213","Goose",195,"Aves","Anseriformes","Anatidae","Anser"
"214","Goshawk",11,"Aves","Accipitriformes","Accipitridae","Accipiter"
"216","Great Black-Backed Gull",33,"Aves","Charadriiformes","Laridae","Larus"
"217","Great Black-Headed Gull",5,"Aves","Charadriiformes","Laridae","Ichthyaetus"
"218","Great Blue Heron",4,"Aves","Pelecaniformes","Ardeidae","Ardea"
"219","Great Cormorant",32,"Aves","Suliformes","Phalacrocoracidae","Phalacrocorax"
"220","Great Crested Grebe",13,"Aves","Podicipediformes","Podicipedidae","Podiceps"
"221","Great Crested Grebe",6,"Aves","Podicipediformes","Podicipedidae","Podiceps"
"222","Great Egret",11,"Aves","Pelecaniformes","Ardeidae","Ardea"
"223","Great Skua",19,"Aves","Charadriiformes","Stercorariidae","Stercorarius"
"224","Greater Flamingo",3,"Aves","Phoenicopteriformes","Phoenicopteridae","Phoenicopterus"
"225","Greater Rhea",3,"Aves","Rheiformes","Rheidae","Rhea"
"226","Greater Scaup",2,"Aves","Anseriformes","Anatidae","Aythya"
"227","Greater White-Fronted Goose",28,"Aves","Anseriformes","Anatidae","Anser"
"228","Grebe",5,"Aves","Podicipediformes","Podicipedidae",""
"229","Green Sandpiper",2,"Aves","Charadriiformes","Scolopacidae","Tringa"
"230","Grey Crowned Crane",1,"Aves","Gruiformes","Gruidae","Balearica"
"231","Grey Headed Gull",10,"Aves","Charadriiformes","Laridae","Chroicocephalus"
"232","Grey Heron",55,"Aves","Pelecaniformes","Ardeidae","Ardea"
"233","Greylag Goose",55,"Aves","Anseriformes","Anatidae","Anser"
"234","Greylag Goose",211,"Aves","Anseriformes","Anatidae","Anser"
"235","Griffon Vulture",5,"Aves","Accipitriformes","Accipitridae","Gyps"
"236","Gruidae",6,"Aves","Gruiformes","Gruidae",NA
"237","Gruidae",3,"Aves","Gruiformes","Gruidae",NA
"238","Grus grus",14,"Aves","Gruiformes","Gruidae","Grus"
"239","Gull",122,"Aves","Charadriiformes","Laridae",NA
"240","Gull-Billed Tern",1,"Aves","Charadriiformes","Laridae","Gelochelidon"
"241","Gypaetus barbatus",5,"Aves","Accipitriformes","Accipitridae","Gypaetus"
"242","Gyps fulvus",13,"Aves","Accipitriformes","Accipitridae","Gyps"
"243","Haematopodidae",6,"Aves","Charadriiformes","Haematopodidae",NA
"244","Haematopodidae",2,"Aves","Charadriiformes","Haematopodidae",NA
"245","Haematopus ostralegus",8,"Aves","Charadriiformes","Haematopodidae","Haematopus"
"246","Haliaeetus albicilla",114,"Aves","Accipitriformes","Accipitridae","Haliaeetus"
"249","Harris's Hawk",1,"Aves","Accipitriformes","Accipitridae","Parabuteo"
"250","Hawk",5,"Aves","Accipitriformes","Accipitridae",""
"251","Heron",25,"Aves","Pelecaniformes","Ardeidae",""
"252","Herring Gull",243,"Aves","Charadriiformes","Laridae","Larus"
"253","Hirundinidae",2,"Aves","Passeriformes","Hirundinidae",NA
"254","Hooded Crow",7,"Aves","Passeriformes","Corvidae","Corvus"
"255","House Sparrow",9,"Aves","Passeriformes","Passeridae","Passer"
"256","Hydroprogne caspia",1,"Aves","Charadriiformes","Laridae","Hydroprogne"
"257","Ichthyaetus melanocephalus",11,"Aves","Charadriiformes","Laridae","Ichthyaetus"
"258","Ivory Gull",1,"Aves","Charadriiformes","Laridae","Pagophila"
"259","Jackdaw",3,"Aves","Passeriformes","Corvidae","Coloeus"
"260","Kite",5,"Aves","Accipitriformes","Accipitridae",""
"261","Laniidae",1,"Aves","Passeriformes","Laniidae",NA
"262","Laridae",494,"Aves","Charadriiformes","Laridae",NA
"263","Laridae",397,"Aves","Charadriiformes","Laridae",NA
"264","Larus argentatus",362,"Aves","Charadriiformes","Laridae","Larus"
"265","Larus armenicus",1,"Aves","Charadriiformes","Laridae","Larus"
"266","Larus brunicephalus",14,"Aves","Charadriiformes","Laridea","Chroicocephalus"
"267","Larus cachinnans",13,"Aves","Charadriiformes","Laridae","Larus"
"268","Larus canus",33,"Aves","Charadriiformes","Laridae","Larus"
"269","Larus fuscus",18,"Aves","Charadriiformes","Laridae","Larus"
"270","Larus genei",2,"Aves","Charadriiformes","Laridae","Chroicocephalus"
"271","Larus hyperboreus",2,"Aves","Charadriiformes","Laridae","Larus"
"272","Larus ichthyaetus",17,"Aves","Charadriiformes","Laridae","Ichthyaetus"
"273","Larus marinus",58,"Aves","Charadriiformes","Laridae","Larus"
"274","Larus michahellis",26,"Aves","Charadriiformes","Laridae","Larus"
"275","Larus novaehollandiae",10,"Aves","Charadriiformes","Laridae","Chroicocephalus"
"276","Larus ridibundus",117,"Aves","Charadriiformes","Laridae","Chroicocephalus"
"277","Larus scopulinus",1,"Aves","Charadriiformes","Laridae","Chroicocephalus"
"278","Larus smithsonianus",1,"Aves","Charadriiformes","Laridae","Larus"
"279","Lesser Black-Backed Gull",12,"Aves","Charadriiformes","Laridae","Larus"
"280","Little Egret",3,"Aves","Pelecaniformes","Ardeidae","Egretta"
"281","Little Grebe",5,"Aves","Podicipediformes","Podicipedidae","Tachybaptus"
"282","Little Owl",1,"Aves","Strigiformes","Strigidae","Athene"
"283","Lophura nycthemera",1,"Aves","Galliformes","Phasianidae","Lophura"
"284","Magpie",17,"Aves","Passeriformes","Corvidae",""
"285","Mallard",133,"Aves","Anseriformes","Anatidae","Anas"
"286","Marbled Teal",1,"Aves","Anseriformes","Anatidae","Marmaronetta"
"287","Marmaronetta angustirostris",1,"Aves","Anseriformes","Anatidae","Marmaronetta"
"288","Mediterranean Gull",20,"Aves","Charadriiformes","Laridae","Ichthyaetus"
"289","Melopsittacus undulatus",2,"Aves","Psittaciformes","Psittaculidae","Melopsittacus"
"290","Mergus merganser",5,"Aves","Anseriformes","Anatidae","Mergus"
"291","Mew Gull",17,"Aves","Charadriiformes","Laridae","Larus"
"292","Microcarbo coronatus",1,"Aves","Suliformes","Phalacrocoracidae","Microcarbo"
"293","Milvus milvus",12,"Aves","Accipitriformes","Accipitridae","Milvus"
"295","Morus bassanus",336,"Aves","Suliformes","Sulidae","Morus"
"296","Motacillidae",2,"Aves","Passeriformes","Motacillidae",NA
"297","Muscovy Duck",1,"Aves","Anseriformes","Anatidae","Cairina"
"299","Mute Swan",954,"Aves","Anseriformes","Anatidae","Cygnus"
"300","Netta rufina",2,"Aves","Anseriformes","Anatidae","Netta"
"301","Northern Bald Ibis",1,"Aves","Pelecaniformes","Threskiornithidae","Geronticus"
"302","Northern Crested Caracara",1,"Aves","Falconiformes","Falconidae","Caracara"
"303","Northern Fulmar",2,"Aves","Procellariiformes","Procellariidae","Fulmarus"
"304","Northern Gannet",204,"Aves","Suliformes","Sulidae","Morus"
"305","Northern Lapwing",1,"Aves","Charadriiformes","Charadriidae","Vanellus"
"306","Northern Pintail",2,"Aves","Anseriformes","Anatidae","Anas"
"307","Northern Shoveler",1,"Aves","Anseriformes","Anatidae","Spatula"
"308","Numenius arquata",22,"Aves","Charadriiformes","Scolopacidae","Numenius"
"309","Numenius phaeopus",1,"Aves","Charadriiformes","Scolopacidae","Numenius"
"310","Numida meleagris",1,"Aves","Galliformes","Numididae","Numida"
"311","Numididae",2,"Aves","Galliformes","Numididae",NA
"312","Numididae",1,"Aves","Galliformes","Numididae",NA
"314","Nymphicus hollandicus",2,"Aves","Psittaciformes","Cacatuidae","Nymphicus"
"315","Owl",29,"Aves","Strigiformes","",""
"316","Oyster Catcher",1,"Aves","Charadriiformes","Haematopodidae","Haematopus"
"317","Pandion haliaetus",1,"Aves","Accipitriformes","Pandionidae","Pandion"
"318","Passer domesticus",6,"Aves","Passeriformes","Passeridae","Passer"
"319","Passer montanus",1,"Aves","Passeriformes","Passeridae","Passer"
"320","Passeridae",9,"Aves","Passeriformes","Passeridae",NA
"321","Passeridae",5,"Aves","Passeriformes","Passeridae",NA
"322","Pavo cristatus",6,"Aves","Galliformes","Phasianidae","Pavo"
"323","Peacock",1,"Aves","Lepidoptera","Nymphalidae","Nymphalis"
"324","Pelecanidae",5,"Aves","Pelecaniformes","Pelecanidae",NA
"325","Pelecanidae",16,"Aves","Pelecaniformes","Pelecanidae",NA
"326","Pelecanus crispus",26,"Aves","Pelecaniformes","Pelecanidae","Pelecanus"
"327","Pelecanus onocrotalus",6,"Aves","Pelecaniformes","Pelecanidae","Pelecanus"
"328","Pelecanus philippensis",1,"Aves","Pelecaniformes","Pelecanidae","Pelecanus"
"329","Perdix perdix",2,"Aves","Galliformes","Phasianidae","Perdix"
"330","Peregrin Falcon",121,"Aves","Falconiformes","Falconidae","Falco"
"331","Phalacrocoracidae",14,"Aves","Suliformes","Phalacrocoracidae",NA
"332","Phalacrocorax carbo",42,"Aves","Suliformes","Phalacrocoracidae","Phalacrocorax"
"333","Phalacrocorax pygmaeus",1,"Aves","Suliformes","Phalacrocoracidae","Microcarbo"
"334","Phasianidae",30,"Aves","Galliformes","Phasianidae",NA
"335","Phasianidae",55,"Aves","Galliformes","Phasianidae",NA
"336","Phasianus colchicus",58,"Aves","Galliformes","Phasianidae","Phasianus"
"337","Phasianus Colchicus",22,"Aves","Galliformes","Phasianidae","Phasianus"
"339","Phoenicopteridae",4,"Aves","Phoenicopteriformes","Phoenicopteridae",NA
"340","Phoenicopterus roseus",4,"Aves","Phoenicopteriformes","Phoenicopteridae","Phoenicopterus"
"341","Phylloscopus trochilus",1,"Aves","Passeriformes","Phylloscopidae","Phylloscopus"
"342","Pica pica",20,"Aves","Passeriformes","Corvidae","Pica"
"343","Pigeon",10,"Aves","Columbiformes","Columbidae","Columba"
"344","Pink-Footed Goose",14,"Aves","Anseriformes","Anatidae","Anser"
"345","Platalea leucorodia",5,"Aves","Pelecaniformes","Threskiornithidae","Platalea"
"346","Plegadis falcinellus",2,"Aves","Pelecaniformes","Threskiornithidae","Plegadis"
"347","Pochard",3,"Aves","Anseriformes","Anatidae","Aythya"
"348","Podiceps cristatus",28,"Aves","Podicipediformes","Podicipedidae","Podiceps"
"349","Podiceps nigricollis",1,"Aves","Podicipediformes","Podicipedidae","Podiceps"
"350","Podicipedidae",1,"Aves","Podicipediformes","Podicipedidae",NA
"353","Psittacidae",7,"Aves","Psittaciformes","Psittacidae",NA
"354","Psittacula derbiana",1,"Aves","Psittaciformes","Psittacidae","Psittacula"
"355","Psittacula eupatria",1,"Aves","Psittaciformes","Psittacidae","Psittacula"
"356","Psittacula krameri",1,"Aves","Psittaciformes","Psittacidae","Psittacula"
"357","Psittacus erithacus",1,"Aves","Psittaciformes","Psittacidae","Psittacus"
"358","Puffinus puffinus",2,"Aves","Procellariiformes","Procellariidae","Puffinus"
"359","Pyrrhula pyrrhula",2,"Aves","Passeriformes","Fringillidae","Pyrrhula"
"360","Rallidae",4,"Aves","Gruiformes","Rallidae",NA
"361","Rallus aquaticus",2,"Aves","Gruiformes","Rallidae","Rallus"
"362","Razorbill",2,"Aves","Charadriiformes","Alcidae","Alca"
"363","Red-Billed Gull",1,"Aves","Charadriiformes","Laridae","Chroicocephalus"
"365","Red Junglefowl",2,"Aves","Galliformes","Phasianidae","Gallus"
"366","Red Knot",2,"Aves","Charadriiformes","Scolopacidae","Calidris"
"367","Rhea americana",1,"Aves","Rheiformes","Rheidae","Rhea"
"368","Rheidae",2,"Aves","Rheiformes","Rheidae",NA
"369","Rissa tridactyla",10,"Aves","Charadriiformes","Laridae","Rissa"
"370","Rock Dove",7,"Aves","Columbiformes","Columbidae","Columba"
"371","Rook",8,"Aves","Passeriformes","Corvidae","Corvus"
"372","Rose Pelican",1,"Aves","Pelecaniformes","Pelecanidae","Pelecanus"
"373","Saker Falcon",1,"Aves","Falconiformes","Falconidae","Falco"
"374","Sanderling",8,"Aves","Charadriiformes","Scolopacidae","Calidris"
"375","Sandwich Tern",44,"Aves","Charadriiformes","Laridae","Thalasseus"
"376","Scolopacidae",7,"Aves","Charadriiformes","Scolopacidae",NA
"377","Scolopacidae",4,"Aves","Charadriiformes","Scolopacidae",NA
"378","Scolopax rusticola",1,"Aves","Charadriiformes","Scolopacidae","Scolopax"
"379","Semipalmated Sandpiper",3,"Aves","Charadriiformes","Scolopacidae","Calidris"
"380","Serinus canaria",1,"Aves","Passeriformes","Fringillidae","Serinus"
"381","Silver Teal",1,"Aves","Anseriformes","Anatidae","Spatula"
"382","Slender-Billed Gull",3,"Aves","Charadriiformes","Laridae","Chroicocephalus"
"383","Somateria mollissima",25,"Aves","Anseriformes","Anatidae","Somateria"
"385","Spatula querquedula",1,"Aves","Anseriformes","Anatidae","Spatula"
"386","Spheniscidae",1,"Aves","Sphenisciformes","Spheniscidae",NA
"387","Spotted Dove",1,"Aves","Columbiformes","Columbidae","Spilopelia"
"388","Starling",4,"Aves","Passeriformes","Sturnidae","Sturnus"
"389","Stercorarius parasiticus",2,"Aves","Charadriiformes","Stercorariidae","Stercorarius"
"390","Stercorarius skua",31,"Aves","Charadriiformes","Stercorariidae","Stercorarius"
"391","Sterna hirundo",72,"Aves","Charadriiformes","Laridae","Sterna"
"392","Sterna paradisaea",8,"Aves","Charadriiformes","Laridae","Sterna"
"394","Stork",44,"Aves","Ciconiiformes","Ciconiidae",""
"395","Streptopelia decaocto",8,"Aves","Columbiformes","Columbidae","Streptopelia"
"396","Strigidae",39,"Aves","Strigiformes","Strigidae",NA
"397","Strigidae",19,"Aves","Strigiformes","Strigidae",NA
"398","Strix aluco",17,"Aves","Strigiformes","Strigidae","Strix"
"399","Strix uralensis",1,"Aves","Strigiformes","Strigidae","Strix"
"400","Struthionidae",1,"Aves","Struthioniformes","Struthionidae",NA
"401","Sturnus vulgaris",2,"Aves","Passeriformes","Sturnidae","Sturnus"
"402","Sulidae",22,"Aves","Suliformes","Sulidae",NA
"403","Sulids",18,"Aves","Suliformes","Sulidae",""
"404","Swallow",1,"Aves","Passeriformes","Hirundinidae",""
"405","Swan",524,"Aves","Anseriformes","Anatidae","Cygnus"
"406","Swift Tern",1,"Aves","Charadriiformes","Laridea","Thalasseus"
"407","Syrmaticus reevesii",1,"Aves","Galliformes","Phasianidae","Syrmaticus"
"408","Tachybaptus ruficollis",8,"Aves","Podicipediformes","Podicipedidae","Tachybaptus"
"409","Tadorna tadorna",14,"Aves","Anseriformes","Anatidae","Tadorna"
"410","Taeniopygia guttata",1,"Aves","Passeriformes","Estrildidae","Taeniopygia"
"411","Tawny Owl",4,"Aves","Strigiformes","Strigidae","Strix"
"412","Teal",21,"Aves","Anseriformes","Anatidae","Anas"
"413","Tern",5,"Aves","Charadriiformes","Laridea",""
"414","Thalasseus sandvicensis",40,"Aves","Charadriiformes","Laridae","Thalasseus"
"415","Threskiornithidae",5,"Aves","Pelecaniformes","Threskiornithidae",NA
"416","Threskiornithidae",2,"Aves","Pelecaniformes","Threskiornithidae",NA
"417","Thrush",2,"Aves","Passeriformes","Turdidae",""
"418","Tringa ochropus",2,"Aves","Charadriiformes","Scolopacidae","Tringa"
"419","Tringa totanus",1,"Aves","Charadriiformes","Scolopacidae","Tringa"
"420","Tufted Duck",81,"Aves","Anseriformes","Anatidae","Aythya"
"421","Tundra Swan",2,"Aves","Anseriformes","Anatidae","Cygnus"
"422","Turdus merula",4,"Aves","Passeriformes","Turdidae","Turdus"
"423","Turdus philomelos",3,"Aves","Passeriformes","Turdidae","Turdus"
"424","Turdus pilaris",1,"Aves","Passeriformes","Turdidae","Turdus"
"425","Tyto alba",10,"Aves","Strigiformes","Tytonidae","Tyto"
"426","Unspecified Bird",359,NA,NA,NA,NA
"428","Uria aalge",43,"Aves","Charadriiformes","Alcidae","Uria"
"429","Vanellus vanellus",2,"Aves","Charadriiformes","Charadriidae","Vanellus"
"430","Variable Hawk",1,"Aves","Accipitriformes","Accipitridae",""
"432","Vulture",2,"Aves","Accipitriformes","Accipitridae",""
"433","Wader",1,"Aves","Charadriiformes","",""
"434","Water Hen",1,"Aves","Gruiformes","Rallidae","Gallinula"
"435","Western Grebe",1,"Aves","Podicipediformes","Podicipedidae","Aechmophorus"
"436","White Stork",6,"Aves","Ciconiiformes","Ciconiidae","Ciconia"
"437","White Tailed Eagle",103,"Aves","Accipitriformes","Accipitridae","Haliaeetus"
"438","Whooper Swan",171,"Aves","Anseriformes","Anatidae","Cygnus"
"439","Wigeons",1,"Aves","Anseriformes","Anatidae","Mareca"
"440","Wild Duck",63,"Aves","Anseriformes","Anatidae",""
"441","Yellow-Legged Gull",19,"Aves","Charadriiformes","Laridae","Larus"
