"","common_name","common_code","sci_name","sci_code"
"1","Greater Rhea","grerhe1","Rhea americana","grerhe1"
"2","White-faced Whistling-Duck","wfwduc1","Dendrocygna viduata","wfwduc1"
"3","Black-bellied Whistling-Duck","bbwduc","Dendrocygna autumnalis","bbwduc"
"4","Fulvous Whistling-Duck","fuwduc","Dendrocygna bicolor","fuwduc"
"5","Lesser Whistling-Duck","lewduc1","Dendrocygna javanica","lewduc1"
"6","Bar-headed Goose","bahgoo","Anser indicus","bahgoo"
"7","Emperor Goose","empgoo","Anser canagicus","empgoo"
"8","Snow Goose","snogoo","Anser caerulescens","snogoo"
"9","Ross's Goose","rosgoo","Anser rossii","rosgoo"
"10","Graylag Goose","gragoo","Anser anser","gragoo"
"11","Greater White-fronted Goose","gwfgoo","Anser albifrons","gwfgoo"
"12","Taiga Bean-Goose","taibeg1","Anser fabalis","taibeg1"
"13","Pink-footed Goose","pifgoo","Anser brachyrhynchus","pifgoo"
"14","Brant","brant","Branta bernicla","brant"
"15","Barnacle Goose","bargoo","Branta leucopsis","bargoo"
"16","Cackling Goose","cacgoo1","Branta hutchinsii","cacgoo1"
"17","Canada Goose","cangoo","Branta canadensis","cangoo"
"18","Red-breasted Goose","rebgoo1","Branta ruficollis","rebgoo1"
"19","Mute Swan","mutswa","Cygnus olor","mutswa"
"20","Black Swan","blkswa","Cygnus atratus","blkswa"
"21","Black-necked Swan","blnswa2","Cygnus melancoryphus","blnswa2"
"22","Trumpeter Swan","truswa","Cygnus buccinator","truswa"
"23","Tundra Swan","tunswa","Cygnus columbianus","tunswa"
"24","Whooper Swan","whoswa","Cygnus cygnus","whoswa"
"25","Coscoroba Swan","cosswa1","Coscoroba coscoroba","cosswa1"
"26","Orinoco Goose","origoo1","Oressochen jubatus","origoo1"
"27","Andean Goose","andgoo1","Oressochen melanopterus","andgoo1"
"28","Upland Goose","uplgoo1","Chloephaga picta","uplgoo1"
"29","Ashy-headed Goose","ashgoo1","Chloephaga poliocephala","ashgoo1"
"30","Egyptian Goose","egygoo","Alopochen aegyptiaca","egygoo"
"31","Paradise Shelduck","parshe1","Tadorna variegata","parshe1"
"32","Common Shelduck","comshe","Tadorna tadorna","comshe"
"33","Spur-winged Goose","spwgoo1","Plectropterus gambensis","spwgoo1"
"34","Crested Duck","creduc1","Lophonetta specularioides","creduc1"
"35","Muscovy Duck","musduc","Cairina moschata","musduc"
"36","Ringed Teal","rintea1","Callonetta leucophrys","rintea1"
"37","Wood Duck","wooduc","Aix sponsa","wooduc"
"38","Mandarin Duck","manduc","Aix galericulata","manduc"
"39","Brazilian Teal","bratea1","Amazonetta brasiliensis","bratea1"
"40","Garganey","gargan","Spatula querquedula","gargan"
"41","Silver Teal","siltea1","Spatula versicolor","siltea1"
"42","Blue-winged Teal","buwtea","Spatula discors","buwtea"
"43","Cinnamon Teal","cintea","Spatula cyanoptera","cintea"
"44","Red Shoveler","redsho1","Spatula platalea","redsho1"
"45","Australasian Shoveler",NA,"Spatula rhynchotis",NA
"46","Northern Shoveler","norsho","Spatula clypeata","norsho"
"47","Gadwall","gadwal","Mareca strepera","gadwal"
"48","Eurasian Wigeon","eurwig","Mareca penelope","eurwig"
"49","American Wigeon","amewig","Mareca americana","amewig"
"50","Chiloe Wigeon","chiwig1","Mareca sibilatrix","chiwig1"
"51","African Black Duck","afbduc1","Anas sparsa","afbduc1"
"52","Yellow-billed Duck",NA,"Anas undulata",NA
"53","Pacific Black Duck","pabduc1","Anas superciliosa","pabduc1"
"54","Indian Spot-billed Duck","isbduc1","Anas poecilorhyncha","isbduc1"
"55","Eastern Spot-billed Duck","spbduc","Anas zonorhyncha","spbduc"
"56","Mallard","mallar3","Anas platyrhynchos","mallar3"
"57","American Black Duck","ambduc","Anas rubripes","ambduc"
"58","White-cheeked Pintail","whcpin","Anas bahamensis","whcpin"
"59","Red-billed Duck","rebduc1","Anas erythrorhyncha","rebduc1"
"60","Northern Pintail","norpin","Anas acuta","norpin"
"61","Yellow-billed Pintail","yebpin1","Anas georgica","yebpin1"
"62","Green-winged Teal","gnwtea","Anas crecca","gnwtea"
"63","Yellow-billed Teal","yebtea1","Anas flavirostris","yebtea1"
"64","Red-crested Pochard","recpoc","Netta rufina","recpoc"
"65","Rosy-billed Pochard","robpoc1","Netta peposaca","robpoc1"
"66","Canvasback","canvas","Aythya valisineria","canvas"
"67","Redhead","redhea","Aythya americana","redhea"
"68","Common Pochard","compoc","Aythya ferina","compoc"
"69","Ring-necked Duck","rinduc","Aythya collaris","rinduc"
"70","Ferruginous Duck","ferduc","Aythya nyroca","ferduc"
"71","Tufted Duck","tufduc","Aythya fuligula","tufduc"
"72","Greater Scaup","gresca","Aythya marila","gresca"
"73","Lesser Scaup","lessca","Aythya affinis","lessca"
"74","Steller's Eider","steeid","Polysticta stelleri","steeid"
"75","King Eider","kineid","Somateria spectabilis","kineid"
"76","Common Eider","comeid","Somateria mollissima","comeid"
"77","Harlequin Duck","harduc","Histrionicus histrionicus","harduc"
"78","Surf Scoter","sursco","Melanitta perspicillata","sursco"
"79","Velvet Scoter","whwsco3","Melanitta fusca","whwsco3"
"80","White-winged Scoter","whwsco2","Melanitta deglandi","whwsco2"
"81","Common Scoter","blksco1","Melanitta nigra","blksco1"
"82","Black Scoter","blksco2","Melanitta americana","blksco2"
"83","Long-tailed Duck","lotduc","Clangula hyemalis","lotduc"
"84","Bufflehead","buffle","Bucephala albeola","buffle"
"85","Common Goldeneye","comgol","Bucephala clangula","comgol"
"86","Barrow's Goldeneye","bargol","Bucephala islandica","bargol"
"87","Smew","smew","Mergellus albellus","smew"
"88","Hooded Merganser","hoomer","Lophodytes cucullatus","hoomer"
"89","Common Merganser","commer","Mergus merganser","commer"
"90","Red-breasted Merganser","rebmer","Mergus serrator","rebmer"
"91","Black-headed Duck","blhduc1","Heteronetta atricapilla","blhduc1"
"92","Ruddy Duck","rudduc","Oxyura jamaicensis","rudduc"
"93","White-headed Duck","whhduc1","Oxyura leucocephala","whhduc1"
"94","Lake Duck","lakduc1","Oxyura vittata","lakduc1"
"95","Northern Bobwhite","norbob","Colinus virginianus","norbob"
"96","California Quail","calqua","Callipepla californica","calqua"
"97","Wild Turkey","wiltur","Meleagris gallopavo","wiltur"
"98","Hazel Grouse","hazgro1","Tetrastes bonasia","hazgro1"
"99","Willow Ptarmigan","wilpta","Lagopus lagopus","wilpta"
"100","Rock Ptarmigan","rocpta1","Lagopus muta","rocpta1"
"101","Black Grouse","blagro1","Lyrurus tetrix","blagro1"
"102","Gray Partridge","grypar","Perdix perdix","grypar"
"103","Ring-necked Pheasant",NA,"Phasianus colchicus",NA
"104","Swinhoe's Pheasant","swiphe1","Lophura swinhoii","swiphe1"
"105","Kalij Pheasant","kalphe","Lophura leucomelanos","kalphe"
"106","Indian Peafowl","compea","Pavo cristatus","compea"
"107","Red Junglefowl","redjun","Gallus gallus","redjun"
"108","Black Francolin","blkfra","Francolinus francolinus","blkfra"
"109","Common Quail","comqua1","Coturnix coturnix","comqua1"
"110","Red-legged Partridge","relpar1","Alectoris rufa","relpar1"
"111","Chukar","chukar","Alectoris chukar","chukar"
"112","Chilean Flamingo","chifla1","Phoenicopterus chilensis","chifla1"
"113","American Flamingo","grefla2","Phoenicopterus ruber","grefla2"
"114","Little Grebe","litgre1","Tachybaptus ruficollis","litgre1"
"115","Pied-billed Grebe","pibgre","Podilymbus podiceps","pibgre"
"116","Horned Grebe","horgre","Podiceps auritus","horgre"
"117","Red-necked Grebe","rengre","Podiceps grisegena","rengre"
"118","Great Crested Grebe","grcgre1","Podiceps cristatus","grcgre1"
"119","Eared Grebe","eargre","Podiceps nigricollis","eargre"
"120","Rock Pigeon","rocpig","Columba livia","rocpig"
"121","Speckled Pigeon","spepig1","Columba guinea","spepig1"
"122","Stock Dove","stodov1","Columba oenas","stodov1"
"123","Common Wood-Pigeon","cowpig1","Columba palumbus","cowpig1"
"124","European Turtle-Dove","eutdov","Streptopelia turtur","eutdov"
"125","Oriental Turtle-Dove","ortdov","Streptopelia orientalis","ortdov"
"126","Eurasian Collared-Dove","eucdov","Streptopelia decaocto","eucdov"
"127","Red Collared-Dove","recdov1","Streptopelia tranquebarica","recdov1"
"128","Crested Pigeon",NA,"Ocyphaps lophotes",NA
"129","Ruddy Ground Dove","rugdov","Columbina talpacoti","rugdov"
"130","Mourning Dove","moudov","Zenaida macroura","moudov"
"131","Black-bellied Sandgrouse","blbsan1","Pterocles orientalis","blbsan1"
"132","Great Spotted Cuckoo","grscuc1","Clamator glandarius","grscuc1"
"133","Yellow-billed Cuckoo","yebcuc","Coccyzus americanus","yebcuc"
"134","Black-billed Cuckoo","bkbcuc","Coccyzus erythropthalmus","bkbcuc"
"135","Common Cuckoo","comcuc","Cuculus canorus","comcuc"
"136","Oriental Cuckoo","oricuc2","Cuculus optatus","oricuc2"
"137","Common Nighthawk","comnig","Chordeiles minor","comnig"
"138","Red-necked Nightjar","rennig1","Caprimulgus ruficollis","rennig1"
"139","Eurasian Nightjar","eurnig1","Caprimulgus europaeus","eurnig1"
"140","Chimney Swift","chiswi","Chaetura pelagica","chiswi"
"141","White-throated Needletail","whtnee","Hirundapus caudacutus","whtnee"
"142","Alpine Swift","alpswi1","Tachymarptis melba","alpswi1"
"143","Common Swift","comswi","Apus apus","comswi"
"144","Plain Swift","plaswi1","Apus unicolor","plaswi1"
"145","Pallid Swift","palswi3","Apus pallidus","palswi3"
"146","Pacific Swift","fotswi","Apus pacificus","fotswi"
"147","Little Swift","litswi1","Apus affinis","litswi1"
"148","White-rumped Swift","whrswi1","Apus caffer","whrswi1"
"149","Water Rail","watrai1","Rallus aquaticus","watrai1"
"150","Corn Crake","corcra","Crex crex","corcra"
"151","Giant Wood-Rail","giwrai1","Aramides ypecaha","giwrai1"
"152","Sora","sora","Porzana carolina","sora"
"153","Spotted Crake","spocra1","Porzana porzana","spocra1"
"154","Eurasian Moorhen","commoo3","Gallinula chloropus","commoo3"
"155","Eurasian Coot","eurcoo","Fulica atra","eurcoo"
"156","Red-knobbed Coot","rekcoo1","Fulica cristata","rekcoo1"
"157","American Coot","y00475","Fulica americana","y00475"
"158","Purple Gallinule","purgal2","Porphyrio martinica","purgal2"
"159","Gray-headed Swamphen","purswa3","Porphyrio poliocephalus","purswa3"
"160","Little Crake","litcra1","Zapornia parva","litcra1"
"161","Gray Crowned-Crane","grccra1","Balearica regulorum","grccra1"
"162","Sandhill Crane","sancra","Antigone canadensis","sancra"
"163","Common Crane","comcra","Grus grus","comcra"
"164","Black-winged Stilt","bkwsti","Himantopus himantopus","bkwsti"
"165","Black-necked Stilt","bknsti","Himantopus mexicanus","bknsti"
"166","Eurasian Oystercatcher","euroys1","Haematopus ostralegus","euroys1"
"167","Black-bellied Plover","bkbplo","Pluvialis squatarola","bkbplo"
"168","European Golden-Plover","eugplo","Pluvialis apricaria","eugplo"
"169","American Golden-Plover","amgplo","Pluvialis dominica","amgplo"
"170","Pacific Golden-Plover","pagplo","Pluvialis fulva","pagplo"
"171","Eurasian Dotterel","eurdot","Eudromias morinellus","eurdot"
"172","Killdeer","killde","Charadrius vociferus","killde"
"173","Common Ringed Plover","corplo","Charadrius hiaticula","corplo"
"174","Semipalmated Plover","semplo","Charadrius semipalmatus","semplo"
"175","Little Ringed Plover","lirplo","Charadrius dubius","lirplo"
"176","Northern Lapwing","norlap","Vanellus vanellus","norlap"
"177","Blacksmith Lapwing","blaplo1","Vanellus armatus","blaplo1"
"178","Spur-winged Lapwing","spwlap1","Vanellus spinosus","spwlap1"
"179","Red-wattled Lapwing","rewlap1","Vanellus indicus","rewlap1"
"180","Masked Lapwing","maslap1","Vanellus miles","maslap1"
"181","Greater Sand-Plover","grsplo","Anarhynchus leschenaultii","grsplo"
"182","Kentish Plover","kenplo1","Anarhynchus alexandrinus","kenplo1"
"183","Wattled Jacana","watjac1","Jacana jacana","watjac1"
"184","Upland Sandpiper","uplsan","Bartramia longicauda","uplsan"
"185","Whimbrel","whimbr","Numenius phaeopus","whimbr"
"186","Little Curlew","litcur","Numenius minutus","litcur"
"187","Eurasian Curlew","eurcur","Numenius arquata","eurcur"
"188","Bar-tailed Godwit","batgod","Limosa lapponica","batgod"
"189","Black-tailed Godwit","bktgod","Limosa limosa","bktgod"
"190","Hudsonian Godwit","hudgod","Limosa haemastica","hudgod"
"191","Short-billed Dowitcher","shbdow","Limnodromus griseus","shbdow"
"192","Long-billed Dowitcher","lobdow","Limnodromus scolopaceus","lobdow"
"193","Jack Snipe","jacsni","Lymnocryptes minimus","jacsni"
"194","Eurasian Woodcock","eurwoo","Scolopax rusticola","eurwoo"
"195","Common Snipe","comsni","Gallinago gallinago","comsni"
"196","Wilson's Snipe","wilsni1","Gallinago delicata","wilsni1"
"197","Wilson's Phalarope","wilpha","Phalaropus tricolor","wilpha"
"198","Red-necked Phalarope","renpha","Phalaropus lobatus","renpha"
"199","Terek Sandpiper","tersan","Xenus cinereus","tersan"
"200","Common Sandpiper","comsan","Actitis hypoleucos","comsan"
"201","Spotted Sandpiper","sposan","Actitis macularius","sposan"
"202","Green Sandpiper","grnsan","Tringa ochropus","grnsan"
"203","Solitary Sandpiper","solsan","Tringa solitaria","solsan"
"204","Gray-tailed Tattler","gyttat1","Tringa brevipes","gyttat1"
"205","Marsh Sandpiper","marsan","Tringa stagnatilis","marsan"
"206","Wood Sandpiper","woosan","Tringa glareola","woosan"
"207","Common Redshank","comred1","Tringa totanus","comred1"
"208","Lesser Yellowlegs","lesyel","Tringa flavipes","lesyel"
"209","Willet","willet1","Tringa semipalmata","willet1"
"210","Spotted Redshank","spored","Tringa erythropus","spored"
"211","Common Greenshank","comgre","Tringa nebularia","comgre"
"212","Greater Yellowlegs","greyel","Tringa melanoleuca","greyel"
"213","Ruddy Turnstone","rudtur","Arenaria interpres","rudtur"
"214","Great Knot","grekno","Calidris tenuirostris","grekno"
"215","Red Knot","redkno","Calidris canutus","redkno"
"216","Ruff","ruff","Calidris pugnax","ruff"
"217","Broad-billed Sandpiper","brbsan","Calidris falcinellus","brbsan"
"218","Sharp-tailed Sandpiper","shtsan","Calidris acuminata","shtsan"
"219","Curlew Sandpiper","cursan","Calidris ferruginea","cursan"
"220","Stilt Sandpiper","stisan","Calidris himantopus","stisan"
"221","Temminck's Stint","temsti","Calidris temminckii","temsti"
"222","Long-toed Stint","lotsti","Calidris subminuta","lotsti"
"223","Red-necked Stint","rensti","Calidris ruficollis","rensti"
"224","Buff-breasted Sandpiper","bubsan","Calidris subruficollis","bubsan"
"225","Sanderling","sander","Calidris alba","sander"
"226","Dunlin","dunlin","Calidris alpina","dunlin"
"227","Purple Sandpiper","pursan","Calidris maritima","pursan"
"228","Baird's Sandpiper","baisan","Calidris bairdii","baisan"
"229","Little Stint","litsti","Calidris minuta","litsti"
"230","White-rumped Sandpiper","whrsan","Calidris fuscicollis","whrsan"
"231","Least Sandpiper","leasan","Calidris minutilla","leasan"
"232","Pectoral Sandpiper","pecsan","Calidris melanotos","pecsan"
"233","Western Sandpiper","wessan","Calidris mauri","wessan"
"234","Semipalmated Sandpiper","semsan","Calidris pusilla","semsan"
"235","Oriental Pratincole","oripra","Glareola maldivarum","oripra"
"236","Long-tailed Jaeger","lotjae","Stercorarius longicaudus","lotjae"
"237","Parasitic Jaeger","parjae","Stercorarius parasiticus","parjae"
"238","Pomarine Jaeger","pomjae","Stercorarius pomarinus","pomjae"
"239","Little Gull","litgul","Hydrocoloeus minutus","litgul"
"240","Ross's Gull","rosgul","Rhodostethia rosea","rosgul"
"241","Ivory Gull","ivogul","Pagophila eburnea","ivogul"
"242","Sabine's Gull","sabgul","Xema sabini","sabgul"
"243","Bonaparte's Gull","bongul","Chroicocephalus philadelphia","bongul"
"244","Black-headed Gull","bkhgul","Chroicocephalus ridibundus","bkhgul"
"245","Gray Gull","grygul","Leucophaeus modestus","grygul"
"246","Laughing Gull","laugul","Leucophaeus atricilla","laugul"
"247","Franklin's Gull","fragul","Leucophaeus pipixcan","fragul"
"248","Audouin's Gull","audgul1","Ichthyaetus audouinii","audgul1"
"249","Mediterranean Gull","medgul1","Ichthyaetus melanocephalus","medgul1"
"250","Common Gull","mewgul","Larus canus","mewgul"
"251","Ring-billed Gull","ribgul","Larus delawarensis","ribgul"
"252","Caspian Gull","casgul2","Larus cachinnans","casgul2"
"253","Kelp Gull",NA,"Larus dominicanus",NA
"254","Herring Gull","hergul","Larus argentatus","hergul"
"255","Yellow-legged Gull","yelgul1","Larus michahellis","yelgul1"
"256","Great Black-backed Gull","gbbgul","Larus marinus","gbbgul"
"257","Glaucous Gull","glagul","Larus hyperboreus","glagul"
"258","Lesser Black-backed Gull","lbbgul","Larus fuscus","lbbgul"
"259","Glaucous-winged Gull","glwgul","Larus glaucescens","glwgul"
"260","Slaty-backed Gull","slbgul","Larus schistisagus","slbgul"
"261","Iceland Gull","y00478","Larus glaucoides","y00478"
"262","Little Tern","litter1","Sternula albifrons","litter1"
"263","Least Tern","leater1","Sternula antillarum","leater1"
"264","Caspian Tern","caster1","Hydroprogne caspia","caster1"
"265","Black Tern","blkter","Chlidonias niger","blkter"
"266","White-winged Tern","whwter","Chlidonias leucopterus","whwter"
"267","Forster's Tern","forter","Sterna forsteri","forter"
"268","Arctic Tern","arcter","Sterna paradisaea","arcter"
"269","Common Tern","comter","Sterna hirundo","comter"
"270","Roseate Tern","roster","Sterna dougallii","roster"
"271","Sandwich Tern","santer1","Thalasseus sandvicensis","santer1"
"272","Elegant Tern","eleter1","Thalasseus elegans","eleter1"
"273","Royal Tern","royter1","Thalasseus maximus","royter1"
"274","Red-throated Loon","retloo","Gavia stellata","retloo"
"275","Arctic Loon","arcloo","Gavia arctica","arcloo"
"276","Pacific Loon","pacloo","Gavia pacifica","pacloo"
"277","Common Loon","comloo","Gavia immer","comloo"
"278","Yellow-billed Loon","yebloo","Gavia adamsii","yebloo"
"279","Yelkouan Shearwater","levshe1","Puffinus yelkouan","levshe1"
"280","Balearic Shearwater","balshe1","Puffinus mauretanicus","balshe1"
"281","Black Stork","blasto1","Ciconia nigra","blasto1"
"282","White Stork","whisto1","Ciconia ciconia","whisto1"
"283","Magnificent Frigatebird","magfri","Fregata magnificens","magfri"
"284","Northern Gannet","norgan","Morus bassanus","norgan"
"285","Pygmy Cormorant","pygcor2","Microcarbo pygmaeus","pygcor2"
"286","Great Cormorant","grecor","Phalacrocorax carbo","grecor"
"287","European Shag","eursha1","Gulosus aristotelis","eursha1"
"288","Double-crested Cormorant","doccor","Nannopterum auritum","doccor"
"289","Great White Pelican","grwpel1","Pelecanus onocrotalus","grwpel1"
"290","Hamerkop","hamerk1","Scopus umbretta","hamerk1"
"291","Great Bittern","grebit1","Botaurus stellaris","grebit1"
"292","American Bittern","amebit","Botaurus lentiginosus","amebit"
"293","Least Bittern","leabit","Ixobrychus exilis","leabit"
"294","Little Bittern","litbit1","Ixobrychus minutus","litbit1"
"295","Yellow-crowned Night Heron","ycnher","Nyctanassa violacea","ycnher"
"296","Black-crowned Night Heron","bcnher","Nycticorax nycticorax","bcnher"
"297","Little Blue Heron","libher","Egretta caerulea","libher"
"298","Tricolored Heron","triher","Egretta tricolor","triher"
"299","Snowy Egret","snoegr","Egretta thula","snoegr"
"300","Little Egret","litegr","Egretta garzetta","litegr"
"301","Western Reef-Heron","werher","Egretta gularis","werher"
"302","Striated Heron","strher","Butorides striata","strher"
"303","Green Heron","grnher","Butorides virescens","grnher"
"304","Squacco Heron","squher1","Ardeola ralloides","squher1"
"305","Indian Pond-Heron","inpher1","Ardeola grayii","inpher1"
"306","Chinese Pond-Heron","chpher1","Ardeola bacchus","chpher1"
"307","Great Egret","greegr","Ardea alba","greegr"
"308","Gray Heron","graher1","Ardea cinerea","graher1"
"309","Great Blue Heron","grbher3","Ardea herodias","grbher3"
"310","Purple Heron","purher1","Ardea purpurea","purher1"
"311","White Ibis","whiibi","Eudocimus albus","whiibi"
"312","Glossy Ibis","gloibi","Plegadis falcinellus","gloibi"
"313","Black-faced Ibis","bkfibi1","Theristicus melanopis","bkfibi1"
"314","Hadada Ibis",NA,"Bostrychia hagedash",NA
"315","Eurasian Spoonbill","eurspo1","Platalea leucorodia","eurspo1"
"316","Turkey Vulture","turvul","Cathartes aura","turvul"
"317","Osprey","osprey","Pandion haliaetus","osprey"
"318","Black-winged Kite","bkskit1","Elanus caeruleus","bkskit1"
"319","Bearded Vulture","lammer1","Gypaetus barbatus","lammer1"
"320","Egyptian Vulture","egyvul1","Neophron percnopterus","egyvul1"
"321","European Honey-buzzard","euhbuz1","Pernis apivorus","euhbuz1"
"322","Oriental Honey-buzzard","orihob2","Pernis ptilorhynchus","orihob2"
"323","Swallow-tailed Kite","swtkit","Elanoides forficatus","swtkit"
"324","Cinereous Vulture","cinvul1","Aegypius monachus","cinvul1"
"325","Hooded Vulture","hoovul1","Necrosyrtes monachus","hoovul1"
"326","White-backed Vulture","whbvul1","Gyps africanus","whbvul1"
"327","Himalayan Griffon","himgri1","Gyps himalayensis","himgri1"
"328","Eurasian Griffon","eurgri1","Gyps fulvus","eurgri1"
"329","Short-toed Snake-Eagle","shteag1","Circaetus gallicus","shteag1"
"330","Lesser Spotted Eagle","leseag1","Clanga pomarina","leseag1"
"331","Greater Spotted Eagle","grseag1","Clanga clanga","grseag1"
"332","Booted Eagle","booeag1","Hieraaetus pennatus","booeag1"
"333","Steppe Eagle","steeag1","Aquila nipalensis","steeag1"
"334","Spanish Eagle","spaeag1","Aquila adalberti","spaeag1"
"335","Imperial Eagle","impeag1","Aquila heliaca","impeag1"
"336","Golden Eagle","goleag","Aquila chrysaetos","goleag"
"337","Bonelli's Eagle","boneag2","Aquila fasciata","boneag2"
"338","Western Marsh Harrier","wemhar1","Circus aeruginosus","wemhar1"
"339","Eastern Marsh Harrier","easmah1","Circus spilonotus","easmah1"
"340","Hen Harrier","norhar1","Circus cyaneus","norhar1"
"341","Northern Harrier","norhar2","Circus hudsonius","norhar2"
"342","Pallid Harrier","palhar1","Circus macrourus","palhar1"
"343","Montagu's Harrier","monhar1","Circus pygargus","monhar1"
"344","Levant Sparrowhawk","levspa1","Accipiter brevipes","levspa1"
"345","Eurasian Sparrowhawk","eurspa1","Accipiter nisus","eurspa1"
"346","American Goshawk",NA,"Accipiter atricapillus",NA
"347","Red Kite","redkit1","Milvus milvus","redkit1"
"348","Black Kite","blakit1","Milvus migrans","blakit1"
"349","Brahminy Kite","brakit1","Haliastur indus","brakit1"
"350","Bald Eagle","baleag","Haliaeetus leucocephalus","baleag"
"351","Harris's Hawk","hrshaw","Parabuteo unicinctus","hrshaw"
"352","Black-chested Buzzard-Eagle","bcbeag1","Geranoaetus melanoleucus","bcbeag1"
"353","Red-tailed Hawk","rethaw","Buteo jamaicensis","rethaw"
"354","Rough-legged Hawk","rolhaw","Buteo lagopus","rolhaw"
"355","Ferruginous Hawk","ferhaw","Buteo regalis","ferhaw"
"356","Common Buzzard","combuz1","Buteo buteo","combuz1"
"357","Barn Owl","brnowl","Tyto alba","brnowl"
"358","Eurasian Scops-Owl","eursco1","Otus scops","eursco1"
"359","Snowy Owl","snoowl1","Bubo scandiacus","snoowl1"
"360","Great Horned Owl","grhowl","Bubo virginianus","grhowl"
"361","Northern Hawk Owl","nohowl","Surnia ulula","nohowl"
"362","Eurasian Pygmy-Owl","eupowl1","Glaucidium passerinum","eupowl1"
"363","Little Owl","litowl1","Athene noctua","litowl1"
"364","Tawny Owl","tawowl1","Strix aluco","tawowl1"
"365","Long-eared Owl","loeowl","Asio otus","loeowl"
"366","Short-eared Owl","sheowl","Asio flammeus","sheowl"
"367","Eurasian Hoopoe","hoopoe","Upupa epops","hoopoe"
"368","Southern Ground-Hornbill","soghor1","Bucorvus leadbeateri","soghor1"
"369","Common Kingfisher","comkin1","Alcedo atthis","comkin1"
"370","Laughing Kookaburra",NA,"Dacelo novaeguineae",NA
"371","White-throated Kingfisher","whtkin2","Halcyon smyrnensis","whtkin2"
"372","Belted Kingfisher","belkin1","Megaceryle alcyon","belkin1"
"373","Pied Kingfisher","piekin1","Ceryle rudis","piekin1"
"374","European Bee-eater","eubeat1","Merops apiaster","eubeat1"
"375","European Roller","eurrol1","Coracias garrulus","eurrol1"
"376","Eurasian Wryneck","eurwry","Jynx torquilla","eurwry"
"377","Yellow-bellied Sapsucker","yebsap","Sphyrapicus varius","yebsap"
"378","Eurasian Three-toed Woodpecker","ettwoo1","Picoides tridactylus","ettwoo1"
"379","Middle Spotted Woodpecker","miswoo1","Dendrocoptes medius","miswoo1"
"380","White-backed Woodpecker","whbwoo1","Dendrocopos leucotos","whbwoo1"
"381","Great Spotted Woodpecker","grswoo","Dendrocopos major","grswoo"
"382","Syrian Woodpecker","syrwoo1","Dendrocopos syriacus","syrwoo1"
"383","Lesser Spotted Woodpecker","leswoo1","Dryobates minor","leswoo1"
"384","Gray-headed Woodpecker","gyfwoo1","Picus canus","gyfwoo1"
"385","Eurasian Green Woodpecker","eugwoo2","Picus viridis","eugwoo2"
"386","Iberian Green Woodpecker","grnwoo3","Picus sharpei","grnwoo3"
"387","Black Woodpecker","blawoo1","Dryocopus martius","blawoo1"
"388","Northern Flicker","norfli","Colaptes auratus","norfli"
"389","Crested Caracara","y00678","Caracara plancus","y00678"
"390","Yellow-headed Caracara","yehcar1","Daptrius chimachima","yehcar1"
"391","Lesser Kestrel","leskes1","Falco naumanni","leskes1"
"392","Eurasian Kestrel","eurkes","Falco tinnunculus","eurkes"
"393","American Kestrel","amekes","Falco sparverius","amekes"
"394","Red-footed Falcon","reffal1","Falco vespertinus","reffal1"
"395","Eleonora's Falcon","elefal1","Falco eleonorae","elefal1"
"396","Merlin","merlin","Falco columbarius","merlin"
"397","Aplomado Falcon","aplfal","Falco femoralis","aplfal"
"398","Peregrine Falcon","perfal","Falco peregrinus","perfal"
"399","Cockatiel",NA,"Nymphicus hollandicus",NA
"400","Galah",NA,"Eolophus roseicapilla",NA
"401","Sulphur-crested Cockatoo",NA,"Cacatua galerita",NA
"402","Australian King-Parrot",NA,"Alisterus scapularis",NA
"403","Alexandrine Parakeet","alepar2","Psittacula eupatria","alepar2"
"404","Rose-ringed Parakeet","rorpar","Psittacula krameri","rorpar"
"405","Plum-headed Parakeet","plhpar1","Psittacula cyanocephala","plhpar1"
"406","Red-crowned Parakeet","refpar4","Cyanoramphus novaezelandiae","refpar4"
"407","Crimson Rosella",NA,"Platycercus elegans",NA
"408","Eastern Rosella","easros1","Platycercus eximius","easros1"
"409","Red-rumped Parrot",NA,"Psephotus haematonotus",NA
"410","Budgerigar",NA,"Melopsittacus undulatus",NA
"411","Rainbow Lorikeet",NA,"Trichoglossus moluccanus",NA
"412","Rosy-faced Lovebird","peflov","Agapornis roseicollis","peflov"
"413","Monk Parakeet","monpar","Myiopsitta monachus","monpar"
"414","Scaly-headed Parrot","schpar1","Pionus maximiliani","schpar1"
"415","Yellow-crowned Parrot","ywcpar","Amazona ochrocephala","ywcpar"
"416","Turquoise-fronted Parrot","bufpar","Amazona aestiva","bufpar"
"417","Mealy Parrot","meapar","Amazona farinosa","meapar"
"418","Orange-winged Parrot","orwpar","Amazona amazonica","orwpar"
"419","Brown-throated Parakeet","brtpar1","Eupsittula pertinax","brtpar1"
"420","Nanday Parakeet","bkhpar","Aratinga nenday","bkhpar"
"421","Blue-and-yellow Macaw","baymac","Ara ararauna","baymac"
"422","Scarlet Macaw","scamac1","Ara macao","scamac1"
"423","Red-and-green Macaw","ragmac1","Ara chloropterus","ragmac1"
"424","Blue-crowned Parakeet","bucpar","Thectocercus acuticaudatus","bucpar"
"425","Crimson-fronted Parakeet","crfpar","Psittacara finschi","crfpar"
"426","Mitred Parakeet","mitpar","Psittacara mitratus","mitpar"
"427","Red-masked Parakeet","rempar","Psittacara erythrogenys","rempar"
"428","White-eyed Parakeet","whepar2","Psittacara leucophthalmus","whepar2"
"429","Eastern Wood-Pewee","eawpew","Contopus virens","eawpew"
"430","Yellow-bellied Flycatcher","yebfly","Empidonax flaviventris","yebfly"
"431","Acadian Flycatcher","acafly","Empidonax virescens","acafly"
"432","Alder Flycatcher","aldfly","Empidonax alnorum","aldfly"
"433","Least Flycatcher","leafly","Empidonax minimus","leafly"
"434","Western Kingbird","weskin","Tyrannus verticalis","weskin"
"435","Eastern Kingbird","easkin","Tyrannus tyrannus","easkin"
"436","White-eyed Vireo","whevir","Vireo griseus","whevir"
"437","Yellow-throated Vireo","yetvir","Vireo flavifrons","yetvir"
"438","Philadelphia Vireo","phivir","Vireo philadelphicus","phivir"
"439","Warbling Vireo","warvir","Vireo gilvus","warvir"
"440","Red-eyed Vireo","reevir1","Vireo olivaceus","reevir1"
"441","Eurasian Golden Oriole","eugori2","Oriolus oriolus","eugori2"
"442","Red-backed Shrike","rebshr1","Lanius collurio","rebshr1"
"443","Brown Shrike","brnshr","Lanius cristatus","brnshr"
"444","Long-tailed Shrike","lotshr1","Lanius schach","lotshr1"
"445","Northern Shrike","norshr4","Lanius borealis","norshr4"
"446","Iberian Gray Shrike","ibgshr1","Lanius meridionalis","ibgshr1"
"447","Great Gray Shrike","norshr1","Lanius excubitor","norshr1"
"448","Lesser Gray Shrike","legshr2","Lanius minor","legshr2"
"449","Woodchat Shrike","wooshr1","Lanius senator","wooshr1"
"450","Siberian Jay","sibjay1","Perisoreus infaustus","sibjay1"
"451","Green Jay","grnjay","Cyanocorax yncas","grnjay"
"452","Eurasian Jay","eurjay1","Garrulus glandarius","eurjay1"
"453","Iberian Magpie","azwmag3","Cyanopica cooki","azwmag3"
"454","Eurasian Magpie","eurmag1","Pica pica","eurmag1"
"455","Black-billed Magpie","bkbmag1","Pica hudsonia","bkbmag1"
"456","Eurasian Nutcracker","eurnut1","Nucifraga caryocatactes","eurnut1"
"457","Red-billed Chough","rebcho1","Pyrrhocorax pyrrhocorax","rebcho1"
"458","Yellow-billed Chough","yebcho1","Pyrrhocorax graculus","yebcho1"
"459","Eurasian Jackdaw","eurjac","Corvus monedula","eurjac"
"460","House Crow","houcro1","Corvus splendens","houcro1"
"461","Rook","rook1","Corvus frugilegus","rook1"
"462","Carrion Crow","carcro1","Corvus corone","carcro1"
"463","Hooded Crow","hoocro1","Corvus cornix","hoocro1"
"464","Pied Crow","piecro1","Corvus albus","piecro1"
"465","Common Raven","comrav","Corvus corax","comrav"
"466","Coal Tit","coatit2","Periparus ater","coatit2"
"467","Crested Tit","cretit2","Lophophanes cristatus","cretit2"
"468","Sombre Tit","somtit3","Poecile lugubris","somtit3"
"469","Marsh Tit","martit2","Poecile palustris","martit2"
"470","Willow Tit","wiltit1","Poecile montanus","wiltit1"
"471","Gray-headed Chickadee","gyhchi","Poecile cinctus","gyhchi"
"472","Eurasian Blue Tit","blutit","Cyanistes caeruleus","blutit"
"473","Great Tit","gretit1","Parus major","gretit1"
"474","Eurasian Penduline-Tit","euptit1","Remiz pendulinus","euptit1"
"475","Horned Lark","horlar","Eremophila alpestris","horlar"
"476","Calandra Lark","callar1","Melanocorypha calandra","callar1"
"477","Wood Lark","woolar1","Lullula arborea","woolar1"
"478","Eurasian Skylark","skylar","Alauda arvensis","skylar"
"479","Thekla's Lark","thelar1","Galerida theklae","thelar1"
"480","Crested Lark",NA,"Galerida cristata",NA
"481","Bearded Reedling","bearee1","Panurus biarmicus","bearee1"
"482","Zitting Cisticola","zitcis1","Cisticola juncidis","zitcis1"
"483","Booted Warbler","boowar1","Iduna caligata","boowar1"
"484","Sykes's Warbler","sykwar2","Iduna rama","sykwar2"
"485","Western Olivaceous Warbler","weowar1","Iduna opaca","weowar1"
"486","Melodious Warbler","melwar1","Hippolais polyglotta","melwar1"
"487","Icterine Warbler","ictwar1","Hippolais icterina","ictwar1"
"488","Sedge Warbler","sedwar1","Acrocephalus schoenobaenus","sedwar1"
"489","Paddyfield Warbler","padwar1","Acrocephalus agricola","padwar1"
"490","Blyth's Reed Warbler","blrwar1","Acrocephalus dumetorum","blrwar1"
"491","Marsh Warbler","marwar3","Acrocephalus palustris","marwar3"
"492","Common Reed Warbler","eurwar1","Acrocephalus scirpaceus","eurwar1"
"493","Great Reed Warbler","grrwar1","Acrocephalus arundinaceus","grrwar1"
"494","River Warbler","eurwar2","Locustella fluviatilis","eurwar2"
"495","Savi's Warbler","savwar1","Locustella luscinioides","savwar1"
"496","Common Grasshopper Warbler","cogwar1","Locustella naevia","cogwar1"
"497","Bank Swallow","banswa","Riparia riparia","banswa"
"498","Tree Swallow","treswa","Tachycineta bicolor","treswa"
"499","Purple Martin","purmar","Progne subis","purmar"
"500","Eurasian Crag-Martin","eurcrm1","Ptyonoprogne rupestris","eurcrm1"
"501","Barn Swallow","barswa","Hirundo rustica","barswa"
"502","Red-rumped Swallow","rerswa1","Cecropis daurica","rerswa1"
"503","Cliff Swallow","cliswa","Petrochelidon pyrrhonota","cliswa"
"504","Red-whiskered Bulbul","rewbul","Pycnonotus jocosus","rewbul"
"505","Red-vented Bulbul","revbul","Pycnonotus cafer","revbul"
"506","White-spectacled Bulbul","whsbul1","Pycnonotus xanthopygos","whsbul1"
"507","Wood Warbler","woowar","Phylloscopus sibilatrix","woowar"
"508","Western Bonelli's Warbler","webwar1","Phylloscopus bonelli","webwar1"
"509","Yellow-browed Warbler","yebwar3","Phylloscopus inornatus","yebwar3"
"510","Pallas's Leaf Warbler","palwar5","Phylloscopus proregulus","palwar5"
"511","Dusky Warbler","duswar","Phylloscopus fuscatus","duswar"
"512","Willow Warbler","wlwwar","Phylloscopus trochilus","wlwwar"
"513","Common Chiffchaff","comchi1","Phylloscopus collybita","comchi1"
"514","Iberian Chiffchaff","ibechi2","Phylloscopus ibericus","ibechi2"
"515","Green Warbler","grnwar1","Phylloscopus nitidus","grnwar1"
"516","Greenish Warbler","grewar3","Phylloscopus trochiloides","grewar3"
"517","Arctic Warbler","arcwar1","Phylloscopus borealis","arcwar1"
"518","Kamchatka Leaf Warbler","arcwar2","Phylloscopus examinandus","arcwar2"
"519","Cetti's Warbler","cetwar1","Cettia cetti","cetwar1"
"520","Eurasian Blackcap","blackc1","Sylvia atricapilla","blackc1"
"521","Garden Warbler","garwar1","Sylvia borin","garwar1"
"522","Barred Warbler","barwar1","Curruca nisoria","barwar1"
"523","Lesser Whitethroat","leswhi4","Curruca curruca","leswhi4"
"524","Western Orphean Warbler","weowar2","Curruca hortensis","weowar2"
"525","Eastern Orphean Warbler","eaowar2","Curruca crassirostris","eaowar2"
"526","Sardinian Warbler","sarwar1","Curruca melanocephala","sarwar1"
"527","Moltoni's Warbler","subwar8","Curruca subalpina","subwar8"
"528","Western Subalpine Warbler","subwar6","Curruca iberiae","subwar6"
"529","Greater Whitethroat","grewhi1","Curruca communis","grewhi1"
"530","Dartford Warbler","darwar1","Curruca undata","darwar1"
"531","Balearic Warbler","balwar1","Curruca balearica","balwar1"
"532","Vinous-throated Parrotbill","vitpar1","Suthora webbiana","vitpar1"
"533","Indian White-eye","indwhe1","Zosterops palpebrosus","indwhe1"
"534","Red-billed Leiothrix","reblei","Leiothrix lutea","reblei"
"535","Ruby-crowned Kinglet","ruckin","Corthylio calendula","ruckin"
"536","Goldcrest","goldcr1","Regulus regulus","goldcr1"
"537","Common Firecrest","firecr1","Regulus ignicapilla","firecr1"
"538","Wallcreeper","wallcr1","Tichodroma muraria","wallcr1"
"539","Krüper's Nuthatch","krunut1","Sitta krueperi","krunut1"
"540","Red-breasted Nuthatch","rebnut","Sitta canadensis","rebnut"
"541","Western Rock Nuthatch","rocnut1","Sitta neumayer","rocnut1"
"542","Eurasian Nuthatch","eurnut2","Sitta europaea","eurnut2"
"543","Short-toed Treecreeper","shttre1","Certhia brachydactyla","shttre1"
"544","Eurasian Wren","winwre4","Troglodytes troglodytes","winwre4"
"545","Winter Wren","winwre3","Troglodytes hiemalis","winwre3"
"546","White-throated Dipper","whtdip1","Cinclus cinclus","whtdip1"
"547","Common Hill Myna",NA,"Gracula religiosa",NA
"548","European Starling","eursta","Sturnus vulgaris","eursta"
"549","Spotless Starling","sposta1","Sturnus unicolor","sposta1"
"550","Rosy Starling","rossta2","Pastor roseus","rossta2"
"551","Indian Pied Starling","aspsta2","Gracupica contra","aspsta2"
"552","White-shouldered Starling","whssta2","Sturnia sinensis","whssta2"
"553","Common Myna","commyn","Acridotheres tristis","commyn"
"554","Crested Myna","cremyn","Acridotheres cristatellus","cremyn"
"555","Superb Starling","supsta1","Lamprotornis superbus","supsta1"
"556","Gray Catbird","grycat","Dumetella carolinensis","grycat"
"557","Tropical Mockingbird","tromoc","Mimus gilvus","tromoc"
"558","Northern Mockingbird","normoc","Mimus polyglottos","normoc"
"559","Varied Thrush","varthr","Ixoreus naevius","varthr"
"560","Veery","veery","Catharus fuscescens","veery"
"561","Gray-cheeked Thrush","gycthr","Catharus minimus","gycthr"
"562","Swainson's Thrush","swathr","Catharus ustulatus","swathr"
"563","Hermit Thrush","herthr","Catharus guttatus","herthr"
"564","Wood Thrush","woothr","Hylocichla mustelina","woothr"
"565","Orange-headed Thrush","orhthr1","Geokichla citrina","orhthr1"
"566","Mistle Thrush","misthr1","Turdus viscivorus","misthr1"
"567","Song Thrush","sonthr1","Turdus philomelos","sonthr1"
"568","Redwing","redwin","Turdus iliacus","redwin"
"569","Eurasian Blackbird","eurbla","Turdus merula","eurbla"
"570","American Robin","amerob","Turdus migratorius","amerob"
"571","Eyebrowed Thrush","eyethr","Turdus obscurus","eyethr"
"572","Pale Thrush","palthr1","Turdus pallidus","palthr1"
"573","Fieldfare","fieldf","Turdus pilaris","fieldf"
"574","Ring Ouzel","rinouz1","Turdus torquatus","rinouz1"
"575","Asian Brown Flycatcher","asbfly","Muscicapa dauurica","asbfly"
"576","Spotted Flycatcher","spofly1","Muscicapa striata","spofly1"
"577","Rufous-tailed Scrub-Robin","rutscr1","Cercotrichas galactotes","rutscr1"
"578","White-rumped Shama","whrsha","Copsychus malabaricus","whrsha"
"579","Verditer Flycatcher","verfly4","Eumyias thalassinus","verfly4"
"580","European Robin","eurrob1","Erithacus rubecula","eurrob1"
"581","White-throated Robin","whtrob3","Irania gutturalis","whtrob3"
"582","Thrush Nightingale","thrnig1","Luscinia luscinia","thrnig1"
"583","Common Nightingale","comnig1","Luscinia megarhynchos","comnig1"
"584","Bluethroat","blueth","Luscinia svecica","blueth"
"585","Siberian Rubythroat","sibrub","Calliope calliope","sibrub"
"586","Taiga Flycatcher","taifly1","Ficedula albicilla","taifly1"
"587","Red-breasted Flycatcher","rebfly","Ficedula parva","rebfly"
"588","European Pied Flycatcher","eupfly1","Ficedula hypoleuca","eupfly1"
"589","Collared Flycatcher","colfly1","Ficedula albicollis","colfly1"
"590","Common Redstart","comred2","Phoenicurus phoenicurus","comred2"
"591","Black Redstart","blared1","Phoenicurus ochruros","blared1"
"592","Rufous-tailed Rock-Thrush","rtrthr1","Monticola saxatilis","rtrthr1"
"593","Blue Rock-Thrush","burthr","Monticola solitarius","burthr"
"594","Whinchat","whinch1","Saxicola rubetra","whinch1"
"595","European Stonechat","stonec4","Saxicola rubicola","stonec4"
"596","Siberian Stonechat","sibsto1","Saxicola maurus","sibsto1"
"597","Amur Stonechat","stonec7","Saxicola stejnegeri","stonec7"
"598","Pied Bushchat","piebus1","Saxicola caprata","piebus1"
"599","Northern Wheatear","norwhe","Oenanthe oenanthe","norwhe"
"600","Isabelline Wheatear","isawhe1","Oenanthe isabellina","isawhe1"
"601","Western Black-eared Wheatear","bkewhe1","Oenanthe hispanica","bkewhe1"
"602","Eastern Black-eared Wheatear","bkewhe2","Oenanthe melanoleuca","bkewhe2"
"603","Black Wheatear","blawhe1","Oenanthe leucura","blawhe1"
"604","Bohemian Waxwing","bohwax","Bombycilla garrulus","bohwax"
"605","Cedar Waxwing","cedwax","Bombycilla cedrorum","cedwax"
"606","Northern Red Bishop","orabis1","Euplectes franciscanus","orabis1"
"607","Indian Silverbill","indsil","Euodice malabarica","indsil"
"608","Java Sparrow","javspa","Padda oryzivora","javspa"
"609","Scaly-breasted Munia","nutman","Lonchura punctulata","nutman"
"610","White-rumped Munia","whrmun","Lonchura striata","whrmun"
"611","Tricolored Munia","trimun","Lonchura malacca","trimun"
"612","Chestnut Munia","chemun","Lonchura atricapilla","chemun"
"613","Common Waxbill","comwax","Estrilda astrild","comwax"
"614","Pin-tailed Whydah","pitwhy","Vidua macroura","pitwhy"
"615","Alpine Accentor","alpacc1","Prunella collaris","alpacc1"
"616","Dunnock","dunnoc1","Prunella modularis","dunnoc1"
"617","House Sparrow","houspa","Passer domesticus","houspa"
"618","Italian Sparrow","itaspa1","Passer italiae","itaspa1"
"619","Spanish Sparrow","spaspa1","Passer hispaniolensis","spaspa1"
"620","Eurasian Tree Sparrow","eutspa","Passer montanus","eutspa"
"621","White-winged Snowfinch","whwsno1","Montifringilla nivalis","whwsno1"
"622","Gray Wagtail","grywag","Motacilla cinerea","grywag"
"623","Western Yellow Wagtail","eaywag1","Motacilla flava","eaywag1"
"624","Eastern Yellow Wagtail","eaywag","Motacilla tschutschensis","eaywag"
"625","Citrine Wagtail","citwag","Motacilla citreola","citwag"
"626","White Wagtail","whiwag","Motacilla alba","whiwag"
"627","Australian Pipit",NA,"Anthus australis",NA
"628","Richard's Pipit","ricpip1","Anthus richardi","ricpip1"
"629","Paddyfield Pipit","oripip1","Anthus rufulus","oripip1"
"630","Tawny Pipit","tawpip1","Anthus campestris","tawpip1"
"631","Berthelot's Pipit","berpip1","Anthus berthelotii","berpip1"
"632","Meadow Pipit","meapip1","Anthus pratensis","meapip1"
"633","Tree Pipit","trepip","Anthus trivialis","trepip"
"634","Olive-backed Pipit","olbpip","Anthus hodgsoni","olbpip"
"635","Red-throated Pipit","retpip","Anthus cervinus","retpip"
"636","Water Pipit","watpip1","Anthus spinoletta","watpip1"
"637","Rock Pipit","rocpip1","Anthus petrosus","rocpip1"
"638","American Pipit","amepip","Anthus rubescens","amepip"
"639","Common Chaffinch","comcha","Fringilla coelebs","comcha"
"640","Brambling","brambl","Fringilla montifringilla","brambl"
"641","Hawfinch","hawfin","Coccothraustes coccothraustes","hawfin"
"642","Common Rosefinch","comros","Carpodacus erythrinus","comros"
"643","Pine Grosbeak","pingro","Pinicola enucleator","pingro"
"644","Eurasian Bullfinch","eurbul","Pyrrhula pyrrhula","eurbul"
"645","House Finch","houfin","Haemorhous mexicanus","houfin"
"646","European Greenfinch","eurgre1","Chloris chloris","eurgre1"
"647","Yellow-fronted Canary","yefcan","Crithagra mozambica","yefcan"
"648","Twite","twite1","Linaria flavirostris","twite1"
"649","Eurasian Linnet","eurlin1","Linaria cannabina","eurlin1"
"650","Common Redpoll","comred","Acanthis flammea","comred"
"651","Lesser Redpoll","lesred1","Acanthis cabaret","lesred1"
"652","Hoary Redpoll","hoared","Acanthis hornemanni","hoared"
"653","Parrot Crossbill","parcro2","Loxia pytyopsittacus","parcro2"
"654","Red Crossbill","redcro","Loxia curvirostra","redcro"
"655","White-winged Crossbill","whwcro","Loxia leucoptera","whwcro"
"656","European Goldfinch","eurgol","Carduelis carduelis","eurgol"
"657","Citril Finch","citfin1","Carduelis citrinella","citfin1"
"658","European Serin","eurser1","Serinus serinus","eurser1"
"659","Eurasian Siskin","eursis","Spinus spinus","eursis"
"660","American Goldfinch","amegfi","Spinus tristis","amegfi"
"661","Hooded Siskin","hoosis1","Spinus magellanicus","hoosis1"
"662","Lapland Longspur","laplon","Calcarius lapponicus","laplon"
"663","Snow Bunting","snobun","Plectrophenax nivalis","snobun"
"664","Black-headed Bunting","blhbun1","Emberiza melanocephala","blhbun1"
"665","Corn Bunting","corbun1","Emberiza calandra","corbun1"
"666","Rock Bunting","rocbun1","Emberiza cia","rocbun1"
"667","Cirl Bunting","cirbun1","Emberiza cirlus","cirbun1"
"668","Yellowhammer","yellow2","Emberiza citrinella","yellow2"
"669","Ortolan Bunting","ortbun1","Emberiza hortulana","ortbun1"
"670","Cretzschmar's Bunting","crebun2","Emberiza caesia","crebun2"
"671","Reed Bunting","reebun","Emberiza schoeniclus","reebun"
"672","Yellow-breasted Bunting","yebbun","Emberiza aureola","yebbun"
"673","Little Bunting","litbun","Emberiza pusilla","litbun"
"674","Rustic Bunting","rusbun","Emberiza rustica","rusbun"
"675","Lark Sparrow","larspa","Chondestes grammacus","larspa"
"676","American Tree Sparrow","amtspa","Spizelloides arborea","amtspa"
"677","Fox Sparrow","foxspa","Passerella iliaca","foxspa"
"678","Dark-eyed Junco","daejun","Junco hyemalis","daejun"
"679","Rufous-collared Sparrow","rucspa1","Zonotrichia capensis","rucspa1"
"680","White-crowned Sparrow","whcspa","Zonotrichia leucophrys","whcspa"
"681","White-throated Sparrow","whtspa","Zonotrichia albicollis","whtspa"
"682","Savannah Sparrow","savspa","Passerculus sandwichensis","savspa"
"683","Song Sparrow","sonspa","Melospiza melodia","sonspa"
"684","Lincoln's Sparrow","linspa","Melospiza lincolnii","linspa"
"685","Spotted Towhee","spotow","Pipilo maculatus","spotow"
"686","Yellow-headed Blackbird","yehbla","Xanthocephalus xanthocephalus","yehbla"
"687","Bobolink","boboli","Dolichonyx oryzivorus","boboli"
"688","Baltimore Oriole","balori","Icterus galbula","balori"
"689","Red-winged Blackbird","rewbla","Agelaius phoeniceus","rewbla"
"690","Brown-headed Cowbird","bnhcow","Molothrus ater","bnhcow"
"691","Common Grackle","comgra","Quiscalus quiscula","comgra"
"692","Boat-tailed Grackle","botgra","Quiscalus major","botgra"
"693","Great-tailed Grackle","grtgra","Quiscalus mexicanus","grtgra"
"694","Ovenbird","ovenbi1","Seiurus aurocapilla","ovenbi1"
"695","Northern Waterthrush","norwat","Parkesia noveboracensis","norwat"
"696","Golden-winged Warbler","gowwar","Vermivora chrysoptera","gowwar"
"697","Blue-winged Warbler","buwwar","Vermivora cyanoptera","buwwar"
"698","Black-and-white Warbler","bawwar","Mniotilta varia","bawwar"
"699","Prothonotary Warbler","prowar","Protonotaria citrea","prowar"
"700","Tennessee Warbler","tenwar","Leiothlypis peregrina","tenwar"
"701","Connecticut Warbler","conwar","Oporornis agilis","conwar"
"702","Common Yellowthroat","comyel","Geothlypis trichas","comyel"
"703","Hooded Warbler","hoowar","Setophaga citrina","hoowar"
"704","American Redstart","amered","Setophaga ruticilla","amered"
"705","Cape May Warbler","camwar","Setophaga tigrina","camwar"
"706","Cerulean Warbler","cerwar","Setophaga cerulea","cerwar"
"707","Northern Parula","norpar","Setophaga americana","norpar"
"708","Magnolia Warbler","magwar","Setophaga magnolia","magwar"
"709","Bay-breasted Warbler","babwar","Setophaga castanea","babwar"
"710","Blackburnian Warbler","bkbwar","Setophaga fusca","bkbwar"
"711","Yellow Warbler","yelwar","Setophaga petechia","yelwar"
"712","Chestnut-sided Warbler","chswar","Setophaga pensylvanica","chswar"
"713","Blackpoll Warbler","bkpwar","Setophaga striata","bkpwar"
"714","Black-throated Blue Warbler","btbwar","Setophaga caerulescens","btbwar"
"715","Palm Warbler","palwar","Setophaga palmarum","palwar"
"716","Yellow-rumped Warbler","yerwar","Setophaga coronata","yerwar"
"717","Yellow-throated Warbler","yetwar","Setophaga dominica","yetwar"
"718","Black-throated Green Warbler","btnwar","Setophaga virens","btnwar"
"719","Canada Warbler","canwar","Cardellina canadensis","canwar"
"720","Wilson's Warbler","wlswar","Cardellina pusilla","wlswar"
"721","Scarlet Tanager","scatan","Piranga olivacea","scatan"
"722","Northern Cardinal","norcar","Cardinalis cardinalis","norcar"
"723","Rose-breasted Grosbeak","robgro","Pheucticus ludovicianus","robgro"
"724","Blue Grosbeak","blugrb1","Passerina caerulea","blugrb1"
"725","Indigo Bunting","indbun","Passerina cyanea","indbun"
"726","Painted Bunting","paibun","Passerina ciris","paibun"
"727","Dickcissel","dickci","Spiza americana","dickci"
"728","Red-crested Cardinal","reccar","Paroaria coronata","reccar"
"729","Saffron Finch","saffin","Sicalis flaveola","saffin"
"730","Red-crested Finch",NA,"Coryphospingus cucullatus",NA
"731","Yellow-faced Grassquit","yefgra1","Tiaris olivaceus","yefgra1"
